Fund ID,Fund Name,ISIN,Currency,NAV Date,NAV
2,Allianz China Equity A Dist (USD) Reinvest,LU0348825331,USD,2026-01-02,68.8842
2,Allianz China Equity A Dist (USD) Reinvest,LU0348825331,USD,2026-01-05,69.3689
2,Allianz China Equity A Dist (USD) Reinvest,LU0348825331,USD,2026-01-06,70.2972
2,Allianz China Equity A Dist (USD) Reinvest,LU0348825331,USD,2026-01-07,70.0781
2,Allianz China Equity A Dist (USD) Reinvest,LU0348825331,USD,2026-01-08,69.1993
2,Allianz China Equity A Dist (USD) Reinvest,LU0348825331,USD,2026-01-09,69.619
2,Allianz China Equity A Dist (USD) Reinvest,LU0348825331,USD,2026-01-12,70.4772
2,Allianz China Equity A Dist (USD) Reinvest,LU0348825331,USD,2026-01-13,71.0812
2,Allianz China Equity A Dist (USD) Reinvest,LU0348825331,USD,2026-01-14,71.2553
2,Allianz China Equity A Dist (USD) Reinvest,LU0348825331,USD,2026-01-15,70.7757
2,Allianz China Equity A Dist (USD) Reinvest,LU0348825331,USD,2026-01-16,70.8412
2,Allianz China Equity A Dist (USD) Reinvest,LU0348825331,USD,2026-01-19,70.1877
2,Allianz China Equity A Dist (USD) Reinvest,LU0348825331,USD,2026-01-20,70.0545
2,Allianz China Equity A Dist (USD) Reinvest,LU0348825331,USD,2026-01-21,70.3041
2,Allianz China Equity A Dist (USD) Reinvest,LU0348825331,USD,2026-01-22,70.5871
2,Allianz China Equity A Dist (USD) Reinvest,LU0348825331,USD,2026-01-23,70.6013
2,Allianz China Equity A Dist (USD) Reinvest,LU0348825331,USD,2026-01-26,70.4622
2,Allianz China Equity A Dist (USD) Reinvest,LU0348825331,USD,2026-01-27,71.1996
2,Allianz China Equity A Dist (USD) Reinvest,LU0348825331,USD,2026-01-28,72.6268
2,Allianz China Equity A Dist (USD) Reinvest,LU0348825331,USD,2026-01-29,72.6826
2,Allianz China Equity A Dist (USD) Reinvest,LU0348825331,USD,2026-01-30,71.2978
2,Allianz China Equity A Dist (USD) Reinvest,LU0348825331,USD,2026-02-02,69.5836
2,Allianz China Equity A Dist (USD) Reinvest,LU0348825331,USD,2026-02-03,69.8128
2,Allianz China Equity A Dist (USD) Reinvest,LU0348825331,USD,2026-02-04,69.6126
2,Allianz China Equity A Dist (USD) Reinvest,LU0348825331,USD,2026-02-05,69.1583
2,Allianz China Equity A Dist (USD) Reinvest,LU0348825331,USD,2026-02-06,68.665
2,Allianz China Equity A Dist (USD) Reinvest,LU0348825331,USD,2026-02-09,70.2317
2,Allianz China Equity A Dist (USD) Reinvest,LU0348825331,USD,2026-02-10,70.8259
2,Allianz China Equity A Dist (USD) Reinvest,LU0348825331,USD,2026-02-11,71.2148
2,Allianz China Equity A Dist (USD) Reinvest,LU0348825331,USD,2026-02-12,71.0236
2,Allianz China Equity A Dist (USD) Reinvest,LU0348825331,USD,2026-02-13,69.7729
2,Allianz China Equity A Dist (USD) Reinvest,LU0348825331,USD,2026-02-16,70.3633
2,Allianz China Equity A Dist (USD) Reinvest,LU0348825331,USD,2026-02-20,69.7411
2,Allianz China Equity A Dist (USD) Reinvest,LU0348825331,USD,2026-02-23,71.1335
2,Allianz China Equity A Dist (USD) Reinvest,LU0348825331,USD,2026-02-24,69.9333
2,Allianz China Equity A Dist (USD) Reinvest,LU0348825331,USD,2026-02-25,70.3869
2,Allianz China Equity A Dist (USD) Reinvest,LU0348825331,USD,2026-02-26,69.3713
2,Allianz China Equity A Dist (USD) Reinvest,LU0348825331,USD,2026-02-27,69.6418
2,Allianz China Equity A Dist (USD) Reinvest,LU0348825331,USD,2026-03-02,68.7943
2,Allianz China Equity A Dist (USD) Reinvest,LU0348825331,USD,2026-03-03,67.3083
2,Allianz China Equity A Dist (USD) Reinvest,LU0348825331,USD,2026-03-04,66.3574
2,Allianz China Equity A Dist (USD) Reinvest,LU0348825331,USD,2026-03-05,66.5357
2,Allianz China Equity A Dist (USD) Reinvest,LU0348825331,USD,2026-03-06,67.2948
2,Allianz China Equity A Dist (USD) Reinvest,LU0348825331,USD,2026-03-09,66.6625
2,Allianz China Equity A Dist (USD) Reinvest,LU0348825331,USD,2026-03-10,68.2383
2,Allianz China Equity A Dist (USD) Reinvest,LU0348825331,USD,2026-03-11,68.1405
2,Allianz China Equity A Dist (USD) Reinvest,LU0348825331,USD,2026-03-12,67.6297
2,Allianz China Equity A Dist (USD) Reinvest,LU0348825331,USD,2026-03-13,66.9058
2,Allianz China Equity A Dist (USD) Reinvest,LU0348825331,USD,2026-03-16,67.3637
2,Allianz China Equity A Dist (USD) Reinvest,LU0348825331,USD,2026-03-17,67.0623
2,Allianz China Equity A Dist (USD) Reinvest,LU0348825331,USD,2026-03-18,67.5755
2,Allianz China Equity A Dist (USD) Reinvest,LU0348825331,USD,2026-03-19,65.5812
2,Allianz China Equity A Dist (USD) Reinvest,LU0348825331,USD,2026-03-20,64.8294
2,Allianz China Equity A Dist (USD) Reinvest,LU0348825331,USD,2026-03-23,62.5642
2,Allianz China Equity A Dist (USD) Reinvest,LU0348825331,USD,2026-03-24,64.3988
2,Allianz China Equity A Dist (USD) Reinvest,LU0348825331,USD,2026-03-25,65.2417
2,Allianz China Equity A Dist (USD) Reinvest,LU0348825331,USD,2026-03-26,63.8826
2,Allianz China Equity A Dist (USD) Reinvest,LU0348825331,USD,2026-03-27,64.0428
2,Allianz China Equity A Dist (USD) Reinvest,LU0348825331,USD,2026-03-30,63.6991
2,Allianz China Equity A Dist (USD) Reinvest,LU0348825331,USD,2026-03-31,63.3422
2,Allianz China Equity A Dist (USD) Reinvest,LU0348825331,USD,2026-04-01,64.955
2,Allianz China Equity A Dist (USD) Reinvest,LU0348825331,USD,2026-04-02,64.3553
2,Allianz China Equity A Dist (USD) Reinvest,LU0348825331,USD,2026-04-08,66.5002
2,Allianz China Equity A Dist (USD) Reinvest,LU0348825331,USD,2026-04-09,66.253
2,Allianz China Equity A Dist (USD) Reinvest,LU0348825331,USD,2026-04-10,66.8009
2,Allianz China Equity A Dist (USD) Reinvest,LU0348825331,USD,2026-04-13,66.2805
2,Allianz China Equity A Dist (USD) Reinvest,LU0348825331,USD,2026-04-14,67.0176
2,Allianz China Equity A Dist (USD) Reinvest,LU0348825331,USD,2026-04-15,67.1512
2,Allianz China Equity A Dist (USD) Reinvest,LU0348825331,USD,2026-04-16,68.8662
2,Allianz China Equity A Dist (USD) Reinvest,LU0348825331,USD,2026-04-17,68.5445
2,Allianz China Equity A Dist (USD) Reinvest,LU0348825331,USD,2026-04-20,68.8846
2,Allianz China Equity A Dist (USD) Reinvest,LU0348825331,USD,2026-04-21,69.0903
2,Allianz China Equity A Dist (USD) Reinvest,LU0348825331,USD,2026-04-22,68.6221
2,Allianz China Equity A Dist (USD) Reinvest,LU0348825331,USD,2026-04-23,67.7512
2,Allianz China Equity A Dist (USD) Reinvest,LU0348825331,USD,2026-04-24,67.9181
2,Allianz China Equity A Dist (USD) Reinvest,LU0348825331,USD,2026-04-27,67.7818
2,Allianz China Equity A Dist (USD) Reinvest,LU0348825331,USD,2026-04-28,67.0536
2,Allianz China Equity A Dist (USD) Reinvest,LU0348825331,USD,2026-04-29,68.1482
2,Allianz China Equity A Dist (USD) Reinvest,LU0348825331,USD,2026-04-30,67.3252
2,Allianz China Equity A Dist (USD) Reinvest,LU0348825331,USD,2026-05-04,68.0116
2,Allianz China Equity A Dist (USD) Reinvest,LU0348825331,USD,2026-05-05,67.7043
2,Allianz China Equity A Dist (USD) Reinvest,LU0348825331,USD,2026-05-06,68.791
2,Allianz China Equity A Dist (USD) Reinvest,LU0348825331,USD,2026-05-07,70.0881
2,Allianz China Equity A Dist (USD) Reinvest,LU0348825331,USD,2026-05-08,69.7324
2,Allianz China Equity A Dist (USD) Reinvest,LU0348825331,USD,2026-05-11,70.0526
2,Allianz China Equity A Dist (USD) Reinvest,LU0348825331,USD,2026-05-12,70.1152
2,Allianz China Equity A Dist (USD) Reinvest,LU0348825331,USD,2026-05-13,70.6957
2,Allianz China Equity A Dist (USD) Reinvest,LU0348825331,USD,2026-05-15,68.976
2,Allianz China Equity A Dist (USD) Reinvest,LU0348825331,USD,2026-05-18,68.3713
2,Allianz China Equity A Dist (USD) Reinvest,LU0348825331,USD,2026-05-19,68.5433
2,Allianz China Equity A Dist (USD) Reinvest,LU0348825331,USD,2026-05-20,68.3745
2,Allianz China Equity A Dist (USD) Reinvest,LU0348825331,USD,2026-05-21,67.3805
2,Allianz China Equity A Dist (USD) Reinvest,LU0348825331,USD,2026-05-22,68.3074
2,Allianz China Equity A Dist (USD) Reinvest,LU0348825331,USD,2026-05-26,68.8843
2,Allianz China Equity A Dist (USD) Reinvest,LU0348825331,USD,2026-05-27,68.3918
2,Allianz China Equity A Dist (USD) Reinvest,LU0348825331,USD,2026-05-28,67.6191
2,Allianz China Equity A Dist (USD) Reinvest,LU0348825331,USD,2026-05-29,67.8004
2,Allianz China Equity A Dist (USD) Reinvest,LU0348825331,USD,2026-06-01,67.626
2,Allianz China Equity A Dist (USD) Reinvest,LU0348825331,USD,2026-06-02,69.4956
2,Allianz China Equity A Dist (USD) Reinvest,LU0348825331,USD,2026-06-03,68.7041
2,Allianz China Equity A Dist (USD) Reinvest,LU0348825331,USD,2026-06-04,68.0621
2,Allianz China Equity A Dist (USD) Reinvest,LU0348825331,USD,2026-06-05,67.0105
2,Allianz China Equity A Dist (USD) Reinvest,LU0348825331,USD,2026-06-08,65.6201
2,Allianz China Equity A Dist (USD) Reinvest,LU0348825331,USD,2026-06-09,66.1694
2,Allianz China Equity A Dist (USD) Reinvest,LU0348825331,USD,2026-06-10,65.604
2,Allianz China Equity A Dist (USD) Reinvest,LU0348825331,USD,2026-06-11,65.1573
2,Allianz China Equity A Dist (USD) Reinvest,LU0348825331,USD,2026-06-12,66.5564
2,Allianz China Equity A Dist (USD) Reinvest,LU0348825331,USD,2026-06-15,67.6282
2,Allianz China Equity A Dist (USD) Reinvest,LU0348825331,USD,2026-06-16,67.1815
2,Allianz China Equity A Dist (USD) Reinvest,LU0348825331,USD,2026-06-17,67.1639
2,Allianz China Equity A Dist (USD) Reinvest,LU0348825331,USD,2026-06-18,66.4214
2,Allianz China Equity A Dist (USD) Reinvest,LU0348825331,USD,2026-06-22,66.5506
2,Allianz China Equity A Dist (USD) Reinvest,LU0348825331,USD,2026-06-24,64.7865
2,Allianz China Equity A Dist (USD) Reinvest,LU0348825331,USD,2026-06-25,64.4081
2,Allianz China Equity A Dist (USD) Reinvest,LU0348825331,USD,2026-06-26,62.8086
2,Allianz China Equity A Dist (USD) Reinvest,LU0348825331,USD,2026-06-29,63.9234
2,Allianz China Equity A Dist (USD) Reinvest,LU0348825331,USD,2026-06-30,64.3314
2,Allianz China Equity A Dist (USD) Reinvest,LU0348825331,USD,2026-07-02,63.6153
2,Allianz China Equity A Dist (USD) Reinvest,LU0348825331,USD,2026-07-03,64.4771
2,Allianz China Equity A Dist (USD) Reinvest,LU0348825331,USD,2026-07-06,65.0114
2,Allianz China Equity A Dist (USD) Reinvest,LU0348825331,USD,2026-07-07,64.3093
3,Allianz Income and Growth Fund AM Dist (USD) Cash,LU0820561818,USD,2026-01-02,8.4993
3,Allianz Income and Growth Fund AM Dist (USD) Cash,LU0820561818,USD,2026-01-05,8.5111
3,Allianz Income and Growth Fund AM Dist (USD) Cash,LU0820561818,USD,2026-01-06,8.5433
3,Allianz Income and Growth Fund AM Dist (USD) Cash,LU0820561818,USD,2026-01-07,8.5814
3,Allianz Income and Growth Fund AM Dist (USD) Cash,LU0820561818,USD,2026-01-08,8.5479
3,Allianz Income and Growth Fund AM Dist (USD) Cash,LU0820561818,USD,2026-01-09,8.5646
3,Allianz Income and Growth Fund AM Dist (USD) Cash,LU0820561818,USD,2026-01-12,8.5707
3,Allianz Income and Growth Fund AM Dist (USD) Cash,LU0820561818,USD,2026-01-13,8.5972
3,Allianz Income and Growth Fund AM Dist (USD) Cash,LU0820561818,USD,2026-01-14,8.5557
3,Allianz Income and Growth Fund AM Dist (USD) Cash,LU0820561818,USD,2026-01-15,8.5427
3,Allianz Income and Growth Fund AM Dist (USD) Cash,LU0820561818,USD,2026-01-16,8.537
3,Allianz Income and Growth Fund AM Dist (USD) Cash,LU0820561818,USD,2026-01-20,8.4759
3,Allianz Income and Growth Fund AM Dist (USD) Cash,LU0820561818,USD,2026-01-21,8.4855
3,Allianz Income and Growth Fund AM Dist (USD) Cash,LU0820561818,USD,2026-01-22,8.5287
3,Allianz Income and Growth Fund AM Dist (USD) Cash,LU0820561818,USD,2026-01-23,8.5189
3,Allianz Income and Growth Fund AM Dist (USD) Cash,LU0820561818,USD,2026-01-26,8.5455
3,Allianz Income and Growth Fund AM Dist (USD) Cash,LU0820561818,USD,2026-01-27,8.5649
3,Allianz Income and Growth Fund AM Dist (USD) Cash,LU0820561818,USD,2026-01-28,8.5927
3,Allianz Income and Growth Fund AM Dist (USD) Cash,LU0820561818,USD,2026-01-29,8.5714
3,Allianz Income and Growth Fund AM Dist (USD) Cash,LU0820561818,USD,2026-01-30,8.5575
3,Allianz Income and Growth Fund AM Dist (USD) Cash,LU0820561818,USD,2026-02-02,8.5379
3,Allianz Income and Growth Fund AM Dist (USD) Cash,LU0820561818,USD,2026-02-03,8.5596
3,Allianz Income and Growth Fund AM Dist (USD) Cash,LU0820561818,USD,2026-02-04,8.5215
3,Allianz Income and Growth Fund AM Dist (USD) Cash,LU0820561818,USD,2026-02-05,8.4539
3,Allianz Income and Growth Fund AM Dist (USD) Cash,LU0820561818,USD,2026-02-06,8.4907
3,Allianz Income and Growth Fund AM Dist (USD) Cash,LU0820561818,USD,2026-02-09,8.5639
3,Allianz Income and Growth Fund AM Dist (USD) Cash,LU0820561818,USD,2026-02-10,8.5785
3,Allianz Income and Growth Fund AM Dist (USD) Cash,LU0820561818,USD,2026-02-11,8.5778
3,Allianz Income and Growth Fund AM Dist (USD) Cash,LU0820561818,USD,2026-02-12,8.5828
3,Allianz Income and Growth Fund AM Dist (USD) Cash,LU0820561818,USD,2026-02-13,8.4919
3,Allianz Income and Growth Fund AM Dist (USD) Cash,LU0820561818,USD,2026-02-17,8.4275
3,Allianz Income and Growth Fund AM Dist (USD) Cash,LU0820561818,USD,2026-02-18,8.5067
3,Allianz Income and Growth Fund AM Dist (USD) Cash,LU0820561818,USD,2026-02-19,8.4806
3,Allianz Income and Growth Fund AM Dist (USD) Cash,LU0820561818,USD,2026-02-20,8.4936
3,Allianz Income and Growth Fund AM Dist (USD) Cash,LU0820561818,USD,2026-02-23,8.4969
3,Allianz Income and Growth Fund AM Dist (USD) Cash,LU0820561818,USD,2026-02-24,8.4732
3,Allianz Income and Growth Fund AM Dist (USD) Cash,LU0820561818,USD,2026-02-25,8.5542
3,Allianz Income and Growth Fund AM Dist (USD) Cash,LU0820561818,USD,2026-02-26,8.5126
3,Allianz Income and Growth Fund AM Dist (USD) Cash,LU0820561818,USD,2026-02-27,8.4495
3,Allianz Income and Growth Fund AM Dist (USD) Cash,LU0820561818,USD,2026-03-02,8.445
3,Allianz Income and Growth Fund AM Dist (USD) Cash,LU0820561818,USD,2026-03-03,8.3597
3,Allianz Income and Growth Fund AM Dist (USD) Cash,LU0820561818,USD,2026-03-04,8.4126
3,Allianz Income and Growth Fund AM Dist (USD) Cash,LU0820561818,USD,2026-03-05,8.4287
3,Allianz Income and Growth Fund AM Dist (USD) Cash,LU0820561818,USD,2026-03-06,8.3149
3,Allianz Income and Growth Fund AM Dist (USD) Cash,LU0820561818,USD,2026-03-09,8.2807
3,Allianz Income and Growth Fund AM Dist (USD) Cash,LU0820561818,USD,2026-03-10,8.4033
3,Allianz Income and Growth Fund AM Dist (USD) Cash,LU0820561818,USD,2026-03-11,8.3946
3,Allianz Income and Growth Fund AM Dist (USD) Cash,LU0820561818,USD,2026-03-12,8.2999
3,Allianz Income and Growth Fund AM Dist (USD) Cash,LU0820561818,USD,2026-03-13,8.2824
3,Allianz Income and Growth Fund AM Dist (USD) Cash,LU0820561818,USD,2026-03-16,8.2643
3,Allianz Income and Growth Fund AM Dist (USD) Cash,LU0820561818,USD,2026-03-17,8.2979
3,Allianz Income and Growth Fund AM Dist (USD) Cash,LU0820561818,USD,2026-03-18,8.2835
3,Allianz Income and Growth Fund AM Dist (USD) Cash,LU0820561818,USD,2026-03-19,8.2207
3,Allianz Income and Growth Fund AM Dist (USD) Cash,LU0820561818,USD,2026-03-20,8.1787
3,Allianz Income and Growth Fund AM Dist (USD) Cash,LU0820561818,USD,2026-03-23,8.2436
3,Allianz Income and Growth Fund AM Dist (USD) Cash,LU0820561818,USD,2026-03-24,8.1963
3,Allianz Income and Growth Fund AM Dist (USD) Cash,LU0820561818,USD,2026-03-25,8.2525
3,Allianz Income and Growth Fund AM Dist (USD) Cash,LU0820561818,USD,2026-03-26,8.1692
3,Allianz Income and Growth Fund AM Dist (USD) Cash,LU0820561818,USD,2026-03-27,8.0599
3,Allianz Income and Growth Fund AM Dist (USD) Cash,LU0820561818,USD,2026-03-30,8.0211
3,Allianz Income and Growth Fund AM Dist (USD) Cash,LU0820561818,USD,2026-03-31,8.0636
3,Allianz Income and Growth Fund AM Dist (USD) Cash,LU0820561818,USD,2026-04-01,8.1953
3,Allianz Income and Growth Fund AM Dist (USD) Cash,LU0820561818,USD,2026-04-02,8.1561
3,Allianz Income and Growth Fund AM Dist (USD) Cash,LU0820561818,USD,2026-04-07,8.22
3,Allianz Income and Growth Fund AM Dist (USD) Cash,LU0820561818,USD,2026-04-08,8.4038
3,Allianz Income and Growth Fund AM Dist (USD) Cash,LU0820561818,USD,2026-04-09,8.4249
3,Allianz Income and Growth Fund AM Dist (USD) Cash,LU0820561818,USD,2026-04-10,8.4456
3,Allianz Income and Growth Fund AM Dist (USD) Cash,LU0820561818,USD,2026-04-13,8.4299
3,Allianz Income and Growth Fund AM Dist (USD) Cash,LU0820561818,USD,2026-04-14,8.505
3,Allianz Income and Growth Fund AM Dist (USD) Cash,LU0820561818,USD,2026-04-15,8.4863
3,Allianz Income and Growth Fund AM Dist (USD) Cash,LU0820561818,USD,2026-04-16,8.5064
3,Allianz Income and Growth Fund AM Dist (USD) Cash,LU0820561818,USD,2026-04-17,8.5635
3,Allianz Income and Growth Fund AM Dist (USD) Cash,LU0820561818,USD,2026-04-20,8.5665
3,Allianz Income and Growth Fund AM Dist (USD) Cash,LU0820561818,USD,2026-04-21,8.591
3,Allianz Income and Growth Fund AM Dist (USD) Cash,LU0820561818,USD,2026-04-22,8.5825
3,Allianz Income and Growth Fund AM Dist (USD) Cash,LU0820561818,USD,2026-04-23,8.5978
3,Allianz Income and Growth Fund AM Dist (USD) Cash,LU0820561818,USD,2026-04-24,8.5893
3,Allianz Income and Growth Fund AM Dist (USD) Cash,LU0820561818,USD,2026-04-27,8.598
3,Allianz Income and Growth Fund AM Dist (USD) Cash,LU0820561818,USD,2026-04-28,8.5698
3,Allianz Income and Growth Fund AM Dist (USD) Cash,LU0820561818,USD,2026-04-29,8.586
3,Allianz Income and Growth Fund AM Dist (USD) Cash,LU0820561818,USD,2026-04-30,8.592
3,Allianz Income and Growth Fund AM Dist (USD) Cash,LU0820561818,USD,2026-05-04,8.6975
3,Allianz Income and Growth Fund AM Dist (USD) Cash,LU0820561818,USD,2026-05-05,8.73
3,Allianz Income and Growth Fund AM Dist (USD) Cash,LU0820561818,USD,2026-05-06,8.7815
3,Allianz Income and Growth Fund AM Dist (USD) Cash,LU0820561818,USD,2026-05-07,8.7967
3,Allianz Income and Growth Fund AM Dist (USD) Cash,LU0820561818,USD,2026-05-08,8.8115
3,Allianz Income and Growth Fund AM Dist (USD) Cash,LU0820561818,USD,2026-05-11,8.8452
3,Allianz Income and Growth Fund AM Dist (USD) Cash,LU0820561818,USD,2026-05-12,8.8206
3,Allianz Income and Growth Fund AM Dist (USD) Cash,LU0820561818,USD,2026-05-13,8.8334
3,Allianz Income and Growth Fund AM Dist (USD) Cash,LU0820561818,USD,2026-05-15,8.7518
3,Allianz Income and Growth Fund AM Dist (USD) Cash,LU0820561818,USD,2026-05-18,8.7221
3,Allianz Income and Growth Fund AM Dist (USD) Cash,LU0820561818,USD,2026-05-19,8.6507
3,Allianz Income and Growth Fund AM Dist (USD) Cash,LU0820561818,USD,2026-05-20,8.6695
3,Allianz Income and Growth Fund AM Dist (USD) Cash,LU0820561818,USD,2026-05-21,8.7248
3,Allianz Income and Growth Fund AM Dist (USD) Cash,LU0820561818,USD,2026-05-22,8.7849
3,Allianz Income and Growth Fund AM Dist (USD) Cash,LU0820561818,USD,2026-05-26,8.8402
3,Allianz Income and Growth Fund AM Dist (USD) Cash,LU0820561818,USD,2026-05-27,8.8371
3,Allianz Income and Growth Fund AM Dist (USD) Cash,LU0820561818,USD,2026-05-28,8.8288
3,Allianz Income and Growth Fund AM Dist (USD) Cash,LU0820561818,USD,2026-05-29,8.8735
3,Allianz Income and Growth Fund AM Dist (USD) Cash,LU0820561818,USD,2026-06-01,8.8646
3,Allianz Income and Growth Fund AM Dist (USD) Cash,LU0820561818,USD,2026-06-02,8.9314
3,Allianz Income and Growth Fund AM Dist (USD) Cash,LU0820561818,USD,2026-06-03,8.9043
3,Allianz Income and Growth Fund AM Dist (USD) Cash,LU0820561818,USD,2026-06-04,8.8726
3,Allianz Income and Growth Fund AM Dist (USD) Cash,LU0820561818,USD,2026-06-05,8.8144
3,Allianz Income and Growth Fund AM Dist (USD) Cash,LU0820561818,USD,2026-06-08,8.7672
3,Allianz Income and Growth Fund AM Dist (USD) Cash,LU0820561818,USD,2026-06-09,8.8121
3,Allianz Income and Growth Fund AM Dist (USD) Cash,LU0820561818,USD,2026-06-10,8.7311
3,Allianz Income and Growth Fund AM Dist (USD) Cash,LU0820561818,USD,2026-06-11,8.6841
3,Allianz Income and Growth Fund AM Dist (USD) Cash,LU0820561818,USD,2026-06-12,8.7718
3,Allianz Income and Growth Fund AM Dist (USD) Cash,LU0820561818,USD,2026-06-15,8.8544
3,Allianz Income and Growth Fund AM Dist (USD) Cash,LU0820561818,USD,2026-06-16,8.8879
3,Allianz Income and Growth Fund AM Dist (USD) Cash,LU0820561818,USD,2026-06-17,8.8527
3,Allianz Income and Growth Fund AM Dist (USD) Cash,LU0820561818,USD,2026-06-18,8.8523
3,Allianz Income and Growth Fund AM Dist (USD) Cash,LU0820561818,USD,2026-06-22,8.9035
3,Allianz Income and Growth Fund AM Dist (USD) Cash,LU0820561818,USD,2026-06-24,8.7669
3,Allianz Income and Growth Fund AM Dist (USD) Cash,LU0820561818,USD,2026-06-25,8.7281
3,Allianz Income and Growth Fund AM Dist (USD) Cash,LU0820561818,USD,2026-06-26,8.6996
3,Allianz Income and Growth Fund AM Dist (USD) Cash,LU0820561818,USD,2026-06-29,8.7262
3,Allianz Income and Growth Fund AM Dist (USD) Cash,LU0820561818,USD,2026-06-30,8.8048
3,Allianz Income and Growth Fund AM Dist (USD) Cash,LU0820561818,USD,2026-07-01,8.7915
3,Allianz Income and Growth Fund AM Dist (USD) Cash,LU0820561818,USD,2026-07-02,8.8096
3,Allianz Income and Growth Fund AM Dist (USD) Cash,LU0820561818,USD,2026-07-06,8.7838
3,Allianz Income and Growth Fund AM Dist (USD) Cash,LU0820561818,USD,2026-07-07,8.7266
4,BGF Dynamic High Income Fund A6 MDist (USD) Cash,LU1564329115,USD,2026-01-02,8.21
4,BGF Dynamic High Income Fund A6 MDist (USD) Cash,LU1564329115,USD,2026-01-05,8.23
4,BGF Dynamic High Income Fund A6 MDist (USD) Cash,LU1564329115,USD,2026-01-06,8.27
4,BGF Dynamic High Income Fund A6 MDist (USD) Cash,LU1564329115,USD,2026-01-07,8.28
4,BGF Dynamic High Income Fund A6 MDist (USD) Cash,LU1564329115,USD,2026-01-08,8.27
4,BGF Dynamic High Income Fund A6 MDist (USD) Cash,LU1564329115,USD,2026-01-09,8.29
4,BGF Dynamic High Income Fund A6 MDist (USD) Cash,LU1564329115,USD,2026-01-12,8.31
4,BGF Dynamic High Income Fund A6 MDist (USD) Cash,LU1564329115,USD,2026-01-13,8.31
4,BGF Dynamic High Income Fund A6 MDist (USD) Cash,LU1564329115,USD,2026-01-14,8.3
4,BGF Dynamic High Income Fund A6 MDist (USD) Cash,LU1564329115,USD,2026-01-15,8.33
4,BGF Dynamic High Income Fund A6 MDist (USD) Cash,LU1564329115,USD,2026-01-16,8.32
4,BGF Dynamic High Income Fund A6 MDist (USD) Cash,LU1564329115,USD,2026-01-19,8.32
4,BGF Dynamic High Income Fund A6 MDist (USD) Cash,LU1564329115,USD,2026-01-20,8.27
4,BGF Dynamic High Income Fund A6 MDist (USD) Cash,LU1564329115,USD,2026-01-21,8.28
4,BGF Dynamic High Income Fund A6 MDist (USD) Cash,LU1564329115,USD,2026-01-22,8.32
4,BGF Dynamic High Income Fund A6 MDist (USD) Cash,LU1564329115,USD,2026-01-23,8.32
4,BGF Dynamic High Income Fund A6 MDist (USD) Cash,LU1564329115,USD,2026-01-26,8.37
4,BGF Dynamic High Income Fund A6 MDist (USD) Cash,LU1564329115,USD,2026-01-27,8.37
4,BGF Dynamic High Income Fund A6 MDist (USD) Cash,LU1564329115,USD,2026-01-28,8.37
4,BGF Dynamic High Income Fund A6 MDist (USD) Cash,LU1564329115,USD,2026-01-29,8.35
4,BGF Dynamic High Income Fund A6 MDist (USD) Cash,LU1564329115,USD,2026-01-30,8.3
4,BGF Dynamic High Income Fund A6 MDist (USD) Cash,LU1564329115,USD,2026-02-02,8.31
4,BGF Dynamic High Income Fund A6 MDist (USD) Cash,LU1564329115,USD,2026-02-03,8.32
4,BGF Dynamic High Income Fund A6 MDist (USD) Cash,LU1564329115,USD,2026-02-04,8.32
4,BGF Dynamic High Income Fund A6 MDist (USD) Cash,LU1564329115,USD,2026-02-05,8.27
4,BGF Dynamic High Income Fund A6 MDist (USD) Cash,LU1564329115,USD,2026-02-06,8.31
4,BGF Dynamic High Income Fund A6 MDist (USD) Cash,LU1564329115,USD,2026-02-09,8.35
4,BGF Dynamic High Income Fund A6 MDist (USD) Cash,LU1564329115,USD,2026-02-10,8.39
4,BGF Dynamic High Income Fund A6 MDist (USD) Cash,LU1564329115,USD,2026-02-11,8.38
4,BGF Dynamic High Income Fund A6 MDist (USD) Cash,LU1564329115,USD,2026-02-12,8.39
4,BGF Dynamic High Income Fund A6 MDist (USD) Cash,LU1564329115,USD,2026-02-13,8.32
4,BGF Dynamic High Income Fund A6 MDist (USD) Cash,LU1564329115,USD,2026-02-16,8.34
4,BGF Dynamic High Income Fund A6 MDist (USD) Cash,LU1564329115,USD,2026-02-17,8.32
4,BGF Dynamic High Income Fund A6 MDist (USD) Cash,LU1564329115,USD,2026-02-18,8.37
4,BGF Dynamic High Income Fund A6 MDist (USD) Cash,LU1564329115,USD,2026-02-19,8.35
4,BGF Dynamic High Income Fund A6 MDist (USD) Cash,LU1564329115,USD,2026-02-20,8.36
4,BGF Dynamic High Income Fund A6 MDist (USD) Cash,LU1564329115,USD,2026-02-23,8.39
4,BGF Dynamic High Income Fund A6 MDist (USD) Cash,LU1564329115,USD,2026-02-24,8.36
4,BGF Dynamic High Income Fund A6 MDist (USD) Cash,LU1564329115,USD,2026-02-25,8.41
4,BGF Dynamic High Income Fund A6 MDist (USD) Cash,LU1564329115,USD,2026-02-26,8.41
4,BGF Dynamic High Income Fund A6 MDist (USD) Cash,LU1564329115,USD,2026-02-27,8.34
4,BGF Dynamic High Income Fund A6 MDist (USD) Cash,LU1564329115,USD,2026-03-02,8.3
4,BGF Dynamic High Income Fund A6 MDist (USD) Cash,LU1564329115,USD,2026-03-03,8.13
4,BGF Dynamic High Income Fund A6 MDist (USD) Cash,LU1564329115,USD,2026-03-04,8.21
4,BGF Dynamic High Income Fund A6 MDist (USD) Cash,LU1564329115,USD,2026-03-05,8.21
4,BGF Dynamic High Income Fund A6 MDist (USD) Cash,LU1564329115,USD,2026-03-06,8.09
4,BGF Dynamic High Income Fund A6 MDist (USD) Cash,LU1564329115,USD,2026-03-09,8.06
4,BGF Dynamic High Income Fund A6 MDist (USD) Cash,LU1564329115,USD,2026-03-10,8.17
4,BGF Dynamic High Income Fund A6 MDist (USD) Cash,LU1564329115,USD,2026-03-11,8.14
4,BGF Dynamic High Income Fund A6 MDist (USD) Cash,LU1564329115,USD,2026-03-12,8.07
4,BGF Dynamic High Income Fund A6 MDist (USD) Cash,LU1564329115,USD,2026-03-13,8.04
4,BGF Dynamic High Income Fund A6 MDist (USD) Cash,LU1564329115,USD,2026-03-16,8.07
4,BGF Dynamic High Income Fund A6 MDist (USD) Cash,LU1564329115,USD,2026-03-17,8.1
4,BGF Dynamic High Income Fund A6 MDist (USD) Cash,LU1564329115,USD,2026-03-18,8.06
4,BGF Dynamic High Income Fund A6 MDist (USD) Cash,LU1564329115,USD,2026-03-19,7.98
4,BGF Dynamic High Income Fund A6 MDist (USD) Cash,LU1564329115,USD,2026-03-20,7.94
4,BGF Dynamic High Income Fund A6 MDist (USD) Cash,LU1564329115,USD,2026-03-23,8.0
4,BGF Dynamic High Income Fund A6 MDist (USD) Cash,LU1564329115,USD,2026-03-24,7.95
4,BGF Dynamic High Income Fund A6 MDist (USD) Cash,LU1564329115,USD,2026-03-25,7.99
4,BGF Dynamic High Income Fund A6 MDist (USD) Cash,LU1564329115,USD,2026-03-26,7.96
4,BGF Dynamic High Income Fund A6 MDist (USD) Cash,LU1564329115,USD,2026-03-27,7.87
4,BGF Dynamic High Income Fund A6 MDist (USD) Cash,LU1564329115,USD,2026-03-30,7.85
4,BGF Dynamic High Income Fund A6 MDist (USD) Cash,LU1564329115,USD,2026-03-31,7.86
4,BGF Dynamic High Income Fund A6 MDist (USD) Cash,LU1564329115,USD,2026-04-01,7.96
4,BGF Dynamic High Income Fund A6 MDist (USD) Cash,LU1564329115,USD,2026-04-02,7.92
4,BGF Dynamic High Income Fund A6 MDist (USD) Cash,LU1564329115,USD,2026-04-07,7.97
4,BGF Dynamic High Income Fund A6 MDist (USD) Cash,LU1564329115,USD,2026-04-08,8.15
4,BGF Dynamic High Income Fund A6 MDist (USD) Cash,LU1564329115,USD,2026-04-09,8.15
4,BGF Dynamic High Income Fund A6 MDist (USD) Cash,LU1564329115,USD,2026-04-10,8.18
4,BGF Dynamic High Income Fund A6 MDist (USD) Cash,LU1564329115,USD,2026-04-13,8.16
4,BGF Dynamic High Income Fund A6 MDist (USD) Cash,LU1564329115,USD,2026-04-14,8.23
4,BGF Dynamic High Income Fund A6 MDist (USD) Cash,LU1564329115,USD,2026-04-15,8.24
4,BGF Dynamic High Income Fund A6 MDist (USD) Cash,LU1564329115,USD,2026-04-16,8.26
4,BGF Dynamic High Income Fund A6 MDist (USD) Cash,LU1564329115,USD,2026-04-17,8.32
4,BGF Dynamic High Income Fund A6 MDist (USD) Cash,LU1564329115,USD,2026-04-20,8.33
4,BGF Dynamic High Income Fund A6 MDist (USD) Cash,LU1564329115,USD,2026-04-21,8.32
4,BGF Dynamic High Income Fund A6 MDist (USD) Cash,LU1564329115,USD,2026-04-22,8.3
4,BGF Dynamic High Income Fund A6 MDist (USD) Cash,LU1564329115,USD,2026-04-23,8.29
4,BGF Dynamic High Income Fund A6 MDist (USD) Cash,LU1564329115,USD,2026-04-24,8.27
4,BGF Dynamic High Income Fund A6 MDist (USD) Cash,LU1564329115,USD,2026-04-27,8.29
4,BGF Dynamic High Income Fund A6 MDist (USD) Cash,LU1564329115,USD,2026-04-28,8.26
4,BGF Dynamic High Income Fund A6 MDist (USD) Cash,LU1564329115,USD,2026-04-29,8.24
4,BGF Dynamic High Income Fund A6 MDist (USD) Cash,LU1564329115,USD,2026-04-30,8.21
4,BGF Dynamic High Income Fund A6 MDist (USD) Cash,LU1564329115,USD,2026-05-04,8.26
4,BGF Dynamic High Income Fund A6 MDist (USD) Cash,LU1564329115,USD,2026-05-05,8.25
4,BGF Dynamic High Income Fund A6 MDist (USD) Cash,LU1564329115,USD,2026-05-06,8.32
4,BGF Dynamic High Income Fund A6 MDist (USD) Cash,LU1564329115,USD,2026-05-07,8.33
4,BGF Dynamic High Income Fund A6 MDist (USD) Cash,LU1564329115,USD,2026-05-08,8.32
4,BGF Dynamic High Income Fund A6 MDist (USD) Cash,LU1564329115,USD,2026-05-11,8.33
4,BGF Dynamic High Income Fund A6 MDist (USD) Cash,LU1564329115,USD,2026-05-12,8.28
4,BGF Dynamic High Income Fund A6 MDist (USD) Cash,LU1564329115,USD,2026-05-13,8.29
4,BGF Dynamic High Income Fund A6 MDist (USD) Cash,LU1564329115,USD,2026-05-15,8.27
4,BGF Dynamic High Income Fund A6 MDist (USD) Cash,LU1564329115,USD,2026-05-18,8.29
4,BGF Dynamic High Income Fund A6 MDist (USD) Cash,LU1564329115,USD,2026-05-19,8.25
4,BGF Dynamic High Income Fund A6 MDist (USD) Cash,LU1564329115,USD,2026-05-20,8.26
4,BGF Dynamic High Income Fund A6 MDist (USD) Cash,LU1564329115,USD,2026-05-21,8.29
4,BGF Dynamic High Income Fund A6 MDist (USD) Cash,LU1564329115,USD,2026-05-22,8.34
4,BGF Dynamic High Income Fund A6 MDist (USD) Cash,LU1564329115,USD,2026-05-26,8.38
4,BGF Dynamic High Income Fund A6 MDist (USD) Cash,LU1564329115,USD,2026-05-27,8.38
4,BGF Dynamic High Income Fund A6 MDist (USD) Cash,LU1564329115,USD,2026-05-28,8.37
4,BGF Dynamic High Income Fund A6 MDist (USD) Cash,LU1564329115,USD,2026-05-29,8.35
4,BGF Dynamic High Income Fund A6 MDist (USD) Cash,LU1564329115,USD,2026-06-01,8.32
4,BGF Dynamic High Income Fund A6 MDist (USD) Cash,LU1564329115,USD,2026-06-02,8.34
4,BGF Dynamic High Income Fund A6 MDist (USD) Cash,LU1564329115,USD,2026-06-03,8.34
4,BGF Dynamic High Income Fund A6 MDist (USD) Cash,LU1564329115,USD,2026-06-04,8.34
4,BGF Dynamic High Income Fund A6 MDist (USD) Cash,LU1564329115,USD,2026-06-05,8.31
4,BGF Dynamic High Income Fund A6 MDist (USD) Cash,LU1564329115,USD,2026-06-08,8.26
4,BGF Dynamic High Income Fund A6 MDist (USD) Cash,LU1564329115,USD,2026-06-09,8.29
4,BGF Dynamic High Income Fund A6 MDist (USD) Cash,LU1564329115,USD,2026-06-10,8.26
4,BGF Dynamic High Income Fund A6 MDist (USD) Cash,LU1564329115,USD,2026-06-11,8.23
4,BGF Dynamic High Income Fund A6 MDist (USD) Cash,LU1564329115,USD,2026-06-12,8.29
4,BGF Dynamic High Income Fund A6 MDist (USD) Cash,LU1564329115,USD,2026-06-15,8.39
4,BGF Dynamic High Income Fund A6 MDist (USD) Cash,LU1564329115,USD,2026-06-16,8.4
4,BGF Dynamic High Income Fund A6 MDist (USD) Cash,LU1564329115,USD,2026-06-17,8.4
4,BGF Dynamic High Income Fund A6 MDist (USD) Cash,LU1564329115,USD,2026-06-18,8.35
4,BGF Dynamic High Income Fund A6 MDist (USD) Cash,LU1564329115,USD,2026-06-19,8.34
4,BGF Dynamic High Income Fund A6 MDist (USD) Cash,LU1564329115,USD,2026-06-22,8.35
4,BGF Dynamic High Income Fund A6 MDist (USD) Cash,LU1564329115,USD,2026-06-24,8.29
4,BGF Dynamic High Income Fund A6 MDist (USD) Cash,LU1564329115,USD,2026-06-25,8.29
4,BGF Dynamic High Income Fund A6 MDist (USD) Cash,LU1564329115,USD,2026-06-26,8.29
4,BGF Dynamic High Income Fund A6 MDist (USD) Cash,LU1564329115,USD,2026-06-29,8.32
4,BGF Dynamic High Income Fund A6 MDist (USD) Cash,LU1564329115,USD,2026-06-30,8.28
4,BGF Dynamic High Income Fund A6 MDist (USD) Cash,LU1564329115,USD,2026-07-01,8.28
4,BGF Dynamic High Income Fund A6 MDist (USD) Cash,LU1564329115,USD,2026-07-02,8.34
4,BGF Dynamic High Income Fund A6 MDist (USD) Cash,LU1564329115,USD,2026-07-03,8.34
4,BGF Dynamic High Income Fund A6 MDist (USD) Cash,LU1564329115,USD,2026-07-06,8.35
4,BGF Dynamic High Income Fund A6 MDist (USD) Cash,LU1564329115,USD,2026-07-07,8.35
5,BGF World Technology Fund A2 Acc (USD) Reinvest,LU0056508442,USD,2026-01-02,113.85
5,BGF World Technology Fund A2 Acc (USD) Reinvest,LU0056508442,USD,2026-01-05,113.76
5,BGF World Technology Fund A2 Acc (USD) Reinvest,LU0056508442,USD,2026-01-06,114.1
5,BGF World Technology Fund A2 Acc (USD) Reinvest,LU0056508442,USD,2026-01-07,114.26
5,BGF World Technology Fund A2 Acc (USD) Reinvest,LU0056508442,USD,2026-01-08,112.86
5,BGF World Technology Fund A2 Acc (USD) Reinvest,LU0056508442,USD,2026-01-09,113.9
5,BGF World Technology Fund A2 Acc (USD) Reinvest,LU0056508442,USD,2026-01-12,114.77
5,BGF World Technology Fund A2 Acc (USD) Reinvest,LU0056508442,USD,2026-01-13,115.72
5,BGF World Technology Fund A2 Acc (USD) Reinvest,LU0056508442,USD,2026-01-14,113.65
5,BGF World Technology Fund A2 Acc (USD) Reinvest,LU0056508442,USD,2026-01-15,115.54
5,BGF World Technology Fund A2 Acc (USD) Reinvest,LU0056508442,USD,2026-01-16,114.94
5,BGF World Technology Fund A2 Acc (USD) Reinvest,LU0056508442,USD,2026-01-19,114.91
5,BGF World Technology Fund A2 Acc (USD) Reinvest,LU0056508442,USD,2026-01-20,112.74
5,BGF World Technology Fund A2 Acc (USD) Reinvest,LU0056508442,USD,2026-01-21,112.75
5,BGF World Technology Fund A2 Acc (USD) Reinvest,LU0056508442,USD,2026-01-22,113.59
5,BGF World Technology Fund A2 Acc (USD) Reinvest,LU0056508442,USD,2026-01-23,113.23
5,BGF World Technology Fund A2 Acc (USD) Reinvest,LU0056508442,USD,2026-01-26,114.44
5,BGF World Technology Fund A2 Acc (USD) Reinvest,LU0056508442,USD,2026-01-27,116.16
5,BGF World Technology Fund A2 Acc (USD) Reinvest,LU0056508442,USD,2026-01-28,117.88
5,BGF World Technology Fund A2 Acc (USD) Reinvest,LU0056508442,USD,2026-01-29,116.2
5,BGF World Technology Fund A2 Acc (USD) Reinvest,LU0056508442,USD,2026-01-30,115.84
5,BGF World Technology Fund A2 Acc (USD) Reinvest,LU0056508442,USD,2026-02-02,113.75
5,BGF World Technology Fund A2 Acc (USD) Reinvest,LU0056508442,USD,2026-02-03,113.11
5,BGF World Technology Fund A2 Acc (USD) Reinvest,LU0056508442,USD,2026-02-04,110.74
5,BGF World Technology Fund A2 Acc (USD) Reinvest,LU0056508442,USD,2026-02-05,107.56
5,BGF World Technology Fund A2 Acc (USD) Reinvest,LU0056508442,USD,2026-02-06,109.59
5,BGF World Technology Fund A2 Acc (USD) Reinvest,LU0056508442,USD,2026-02-09,112.71
5,BGF World Technology Fund A2 Acc (USD) Reinvest,LU0056508442,USD,2026-02-10,114.56
5,BGF World Technology Fund A2 Acc (USD) Reinvest,LU0056508442,USD,2026-02-11,114.62
5,BGF World Technology Fund A2 Acc (USD) Reinvest,LU0056508442,USD,2026-02-12,113.7
5,BGF World Technology Fund A2 Acc (USD) Reinvest,LU0056508442,USD,2026-02-13,111.41
5,BGF World Technology Fund A2 Acc (USD) Reinvest,LU0056508442,USD,2026-02-16,111.83
5,BGF World Technology Fund A2 Acc (USD) Reinvest,LU0056508442,USD,2026-02-17,109.63
5,BGF World Technology Fund A2 Acc (USD) Reinvest,LU0056508442,USD,2026-02-18,112.73
5,BGF World Technology Fund A2 Acc (USD) Reinvest,LU0056508442,USD,2026-02-19,112.3
5,BGF World Technology Fund A2 Acc (USD) Reinvest,LU0056508442,USD,2026-02-20,113.01
5,BGF World Technology Fund A2 Acc (USD) Reinvest,LU0056508442,USD,2026-02-23,112.73
5,BGF World Technology Fund A2 Acc (USD) Reinvest,LU0056508442,USD,2026-02-24,112.66
5,BGF World Technology Fund A2 Acc (USD) Reinvest,LU0056508442,USD,2026-02-25,116.17
5,BGF World Technology Fund A2 Acc (USD) Reinvest,LU0056508442,USD,2026-02-26,114.85
5,BGF World Technology Fund A2 Acc (USD) Reinvest,LU0056508442,USD,2026-02-27,112.46
5,BGF World Technology Fund A2 Acc (USD) Reinvest,LU0056508442,USD,2026-03-02,112.11
5,BGF World Technology Fund A2 Acc (USD) Reinvest,LU0056508442,USD,2026-03-03,107.33
5,BGF World Technology Fund A2 Acc (USD) Reinvest,LU0056508442,USD,2026-03-04,109.21
5,BGF World Technology Fund A2 Acc (USD) Reinvest,LU0056508442,USD,2026-03-05,111.26
5,BGF World Technology Fund A2 Acc (USD) Reinvest,LU0056508442,USD,2026-03-06,108.3
5,BGF World Technology Fund A2 Acc (USD) Reinvest,LU0056508442,USD,2026-03-09,106.96
5,BGF World Technology Fund A2 Acc (USD) Reinvest,LU0056508442,USD,2026-03-10,111.68
5,BGF World Technology Fund A2 Acc (USD) Reinvest,LU0056508442,USD,2026-03-11,111.8
5,BGF World Technology Fund A2 Acc (USD) Reinvest,LU0056508442,USD,2026-03-12,108.76
5,BGF World Technology Fund A2 Acc (USD) Reinvest,LU0056508442,USD,2026-03-13,107.98
5,BGF World Technology Fund A2 Acc (USD) Reinvest,LU0056508442,USD,2026-03-16,109.64
5,BGF World Technology Fund A2 Acc (USD) Reinvest,LU0056508442,USD,2026-03-17,110.08
5,BGF World Technology Fund A2 Acc (USD) Reinvest,LU0056508442,USD,2026-03-18,110.72
5,BGF World Technology Fund A2 Acc (USD) Reinvest,LU0056508442,USD,2026-03-19,108.99
5,BGF World Technology Fund A2 Acc (USD) Reinvest,LU0056508442,USD,2026-03-20,107.68
5,BGF World Technology Fund A2 Acc (USD) Reinvest,LU0056508442,USD,2026-03-23,109.81
5,BGF World Technology Fund A2 Acc (USD) Reinvest,LU0056508442,USD,2026-03-24,108.06
5,BGF World Technology Fund A2 Acc (USD) Reinvest,LU0056508442,USD,2026-03-25,109.96
5,BGF World Technology Fund A2 Acc (USD) Reinvest,LU0056508442,USD,2026-03-26,106.06
5,BGF World Technology Fund A2 Acc (USD) Reinvest,LU0056508442,USD,2026-03-27,103.07
5,BGF World Technology Fund A2 Acc (USD) Reinvest,LU0056508442,USD,2026-03-30,101.26
5,BGF World Technology Fund A2 Acc (USD) Reinvest,LU0056508442,USD,2026-03-31,102.07
5,BGF World Technology Fund A2 Acc (USD) Reinvest,LU0056508442,USD,2026-04-01,107.07
5,BGF World Technology Fund A2 Acc (USD) Reinvest,LU0056508442,USD,2026-04-02,105.01
5,BGF World Technology Fund A2 Acc (USD) Reinvest,LU0056508442,USD,2026-04-07,107.31
5,BGF World Technology Fund A2 Acc (USD) Reinvest,LU0056508442,USD,2026-04-08,115.33
5,BGF World Technology Fund A2 Acc (USD) Reinvest,LU0056508442,USD,2026-04-09,115.38
5,BGF World Technology Fund A2 Acc (USD) Reinvest,LU0056508442,USD,2026-04-10,117.16
5,BGF World Technology Fund A2 Acc (USD) Reinvest,LU0056508442,USD,2026-04-13,117.28
5,BGF World Technology Fund A2 Acc (USD) Reinvest,LU0056508442,USD,2026-04-14,120.28
5,BGF World Technology Fund A2 Acc (USD) Reinvest,LU0056508442,USD,2026-04-15,122.4
5,BGF World Technology Fund A2 Acc (USD) Reinvest,LU0056508442,USD,2026-04-16,123.13
5,BGF World Technology Fund A2 Acc (USD) Reinvest,LU0056508442,USD,2026-04-17,125.6
5,BGF World Technology Fund A2 Acc (USD) Reinvest,LU0056508442,USD,2026-04-20,125.6
5,BGF World Technology Fund A2 Acc (USD) Reinvest,LU0056508442,USD,2026-04-21,126.89
5,BGF World Technology Fund A2 Acc (USD) Reinvest,LU0056508442,USD,2026-04-22,126.91
5,BGF World Technology Fund A2 Acc (USD) Reinvest,LU0056508442,USD,2026-04-23,128.48
5,BGF World Technology Fund A2 Acc (USD) Reinvest,LU0056508442,USD,2026-04-24,129.67
5,BGF World Technology Fund A2 Acc (USD) Reinvest,LU0056508442,USD,2026-04-27,131.53
5,BGF World Technology Fund A2 Acc (USD) Reinvest,LU0056508442,USD,2026-04-28,129.15
5,BGF World Technology Fund A2 Acc (USD) Reinvest,LU0056508442,USD,2026-04-29,128.96
5,BGF World Technology Fund A2 Acc (USD) Reinvest,LU0056508442,USD,2026-04-30,129.48
5,BGF World Technology Fund A2 Acc (USD) Reinvest,LU0056508442,USD,2026-05-04,134.15
5,BGF World Technology Fund A2 Acc (USD) Reinvest,LU0056508442,USD,2026-05-05,135.03
5,BGF World Technology Fund A2 Acc (USD) Reinvest,LU0056508442,USD,2026-05-06,140.12
5,BGF World Technology Fund A2 Acc (USD) Reinvest,LU0056508442,USD,2026-05-07,141.46
5,BGF World Technology Fund A2 Acc (USD) Reinvest,LU0056508442,USD,2026-05-08,143.05
5,BGF World Technology Fund A2 Acc (USD) Reinvest,LU0056508442,USD,2026-05-11,145.69
5,BGF World Technology Fund A2 Acc (USD) Reinvest,LU0056508442,USD,2026-05-12,144.18
5,BGF World Technology Fund A2 Acc (USD) Reinvest,LU0056508442,USD,2026-05-13,145.02
5,BGF World Technology Fund A2 Acc (USD) Reinvest,LU0056508442,USD,2026-05-15,144.28
5,BGF World Technology Fund A2 Acc (USD) Reinvest,LU0056508442,USD,2026-05-18,144.71
5,BGF World Technology Fund A2 Acc (USD) Reinvest,LU0056508442,USD,2026-05-19,141.13
5,BGF World Technology Fund A2 Acc (USD) Reinvest,LU0056508442,USD,2026-05-20,142.87
5,BGF World Technology Fund A2 Acc (USD) Reinvest,LU0056508442,USD,2026-05-21,146.83
5,BGF World Technology Fund A2 Acc (USD) Reinvest,LU0056508442,USD,2026-05-22,148.46
5,BGF World Technology Fund A2 Acc (USD) Reinvest,LU0056508442,USD,2026-05-26,151.87
5,BGF World Technology Fund A2 Acc (USD) Reinvest,LU0056508442,USD,2026-05-27,152.87
5,BGF World Technology Fund A2 Acc (USD) Reinvest,LU0056508442,USD,2026-05-28,152.09
5,BGF World Technology Fund A2 Acc (USD) Reinvest,LU0056508442,USD,2026-05-29,156.05
5,BGF World Technology Fund A2 Acc (USD) Reinvest,LU0056508442,USD,2026-06-01,155.77
5,BGF World Technology Fund A2 Acc (USD) Reinvest,LU0056508442,USD,2026-06-02,160.02
5,BGF World Technology Fund A2 Acc (USD) Reinvest,LU0056508442,USD,2026-06-03,159.46
5,BGF World Technology Fund A2 Acc (USD) Reinvest,LU0056508442,USD,2026-06-04,154.29
5,BGF World Technology Fund A2 Acc (USD) Reinvest,LU0056508442,USD,2026-06-05,149.82
5,BGF World Technology Fund A2 Acc (USD) Reinvest,LU0056508442,USD,2026-06-08,146.94
5,BGF World Technology Fund A2 Acc (USD) Reinvest,LU0056508442,USD,2026-06-09,151.82
5,BGF World Technology Fund A2 Acc (USD) Reinvest,LU0056508442,USD,2026-06-10,146.0
5,BGF World Technology Fund A2 Acc (USD) Reinvest,LU0056508442,USD,2026-06-11,146.21
5,BGF World Technology Fund A2 Acc (USD) Reinvest,LU0056508442,USD,2026-06-12,149.83
5,BGF World Technology Fund A2 Acc (USD) Reinvest,LU0056508442,USD,2026-06-15,156.74
5,BGF World Technology Fund A2 Acc (USD) Reinvest,LU0056508442,USD,2026-06-16,159.03
5,BGF World Technology Fund A2 Acc (USD) Reinvest,LU0056508442,USD,2026-06-17,156.62
5,BGF World Technology Fund A2 Acc (USD) Reinvest,LU0056508442,USD,2026-06-18,159.55
5,BGF World Technology Fund A2 Acc (USD) Reinvest,LU0056508442,USD,2026-06-19,161.32
5,BGF World Technology Fund A2 Acc (USD) Reinvest,LU0056508442,USD,2026-06-22,163.23
5,BGF World Technology Fund A2 Acc (USD) Reinvest,LU0056508442,USD,2026-06-24,152.95
5,BGF World Technology Fund A2 Acc (USD) Reinvest,LU0056508442,USD,2026-06-25,152.19
5,BGF World Technology Fund A2 Acc (USD) Reinvest,LU0056508442,USD,2026-06-26,151.44
5,BGF World Technology Fund A2 Acc (USD) Reinvest,LU0056508442,USD,2026-06-29,151.74
5,BGF World Technology Fund A2 Acc (USD) Reinvest,LU0056508442,USD,2026-06-30,159.01
5,BGF World Technology Fund A2 Acc (USD) Reinvest,LU0056508442,USD,2026-07-01,156.6
5,BGF World Technology Fund A2 Acc (USD) Reinvest,LU0056508442,USD,2026-07-02,153.6
5,BGF World Technology Fund A2 Acc (USD) Reinvest,LU0056508442,USD,2026-07-03,150.7
5,BGF World Technology Fund A2 Acc (USD) Reinvest,LU0056508442,USD,2026-07-06,153.47
5,BGF World Technology Fund A2 Acc (USD) Reinvest,LU0056508442,USD,2026-07-07,146.36
6,Franklin Technology Fund A Acc USD,LU0109392836,USD,2026-01-02,61.18
6,Franklin Technology Fund A Acc USD,LU0109392836,USD,2026-01-05,61.62
6,Franklin Technology Fund A Acc USD,LU0109392836,USD,2026-01-06,62.29
6,Franklin Technology Fund A Acc USD,LU0109392836,USD,2026-01-07,62.19
6,Franklin Technology Fund A Acc USD,LU0109392836,USD,2026-01-08,61.13
6,Franklin Technology Fund A Acc USD,LU0109392836,USD,2026-01-09,61.79
6,Franklin Technology Fund A Acc USD,LU0109392836,USD,2026-01-12,62.21
6,Franklin Technology Fund A Acc USD,LU0109392836,USD,2026-01-13,62.04
6,Franklin Technology Fund A Acc USD,LU0109392836,USD,2026-01-14,60.97
6,Franklin Technology Fund A Acc USD,LU0109392836,USD,2026-01-15,61.57
6,Franklin Technology Fund A Acc USD,LU0109392836,USD,2026-01-16,61.77
6,Franklin Technology Fund A Acc USD,LU0109392836,USD,2026-01-20,60.08
6,Franklin Technology Fund A Acc USD,LU0109392836,USD,2026-01-21,60.68
6,Franklin Technology Fund A Acc USD,LU0109392836,USD,2026-01-22,61.34
6,Franklin Technology Fund A Acc USD,LU0109392836,USD,2026-01-23,61.56
6,Franklin Technology Fund A Acc USD,LU0109392836,USD,2026-01-26,62.05
6,Franklin Technology Fund A Acc USD,LU0109392836,USD,2026-01-27,62.96
6,Franklin Technology Fund A Acc USD,LU0109392836,USD,2026-01-28,63.09
6,Franklin Technology Fund A Acc USD,LU0109392836,USD,2026-01-29,62.16
6,Franklin Technology Fund A Acc USD,LU0109392836,USD,2026-01-30,60.81
6,Franklin Technology Fund A Acc USD,LU0109392836,USD,2026-02-02,60.95
6,Franklin Technology Fund A Acc USD,LU0109392836,USD,2026-02-03,59.33
6,Franklin Technology Fund A Acc USD,LU0109392836,USD,2026-02-04,57.6
6,Franklin Technology Fund A Acc USD,LU0109392836,USD,2026-02-05,56.84
6,Franklin Technology Fund A Acc USD,LU0109392836,USD,2026-02-06,59.01
6,Franklin Technology Fund A Acc USD,LU0109392836,USD,2026-02-09,60.14
6,Franklin Technology Fund A Acc USD,LU0109392836,USD,2026-02-10,60.06
6,Franklin Technology Fund A Acc USD,LU0109392836,USD,2026-02-11,60.31
6,Franklin Technology Fund A Acc USD,LU0109392836,USD,2026-02-12,58.84
6,Franklin Technology Fund A Acc USD,LU0109392836,USD,2026-02-13,59.13
6,Franklin Technology Fund A Acc USD,LU0109392836,USD,2026-02-17,59.04
6,Franklin Technology Fund A Acc USD,LU0109392836,USD,2026-02-18,59.68
6,Franklin Technology Fund A Acc USD,LU0109392836,USD,2026-02-19,59.65
6,Franklin Technology Fund A Acc USD,LU0109392836,USD,2026-02-20,59.96
6,Franklin Technology Fund A Acc USD,LU0109392836,USD,2026-02-23,58.84
6,Franklin Technology Fund A Acc USD,LU0109392836,USD,2026-02-24,59.61
6,Franklin Technology Fund A Acc USD,LU0109392836,USD,2026-02-25,60.82
6,Franklin Technology Fund A Acc USD,LU0109392836,USD,2026-02-26,59.78
6,Franklin Technology Fund A Acc USD,LU0109392836,USD,2026-02-27,59.18
6,Franklin Technology Fund A Acc USD,LU0109392836,USD,2026-03-02,59.52
6,Franklin Technology Fund A Acc USD,LU0109392836,USD,2026-03-03,58.23
6,Franklin Technology Fund A Acc USD,LU0109392836,USD,2026-03-04,59.16
6,Franklin Technology Fund A Acc USD,LU0109392836,USD,2026-03-05,59.36
6,Franklin Technology Fund A Acc USD,LU0109392836,USD,2026-03-06,58.13
6,Franklin Technology Fund A Acc USD,LU0109392836,USD,2026-03-09,59.37
6,Franklin Technology Fund A Acc USD,LU0109392836,USD,2026-03-10,59.43
6,Franklin Technology Fund A Acc USD,LU0109392836,USD,2026-03-11,59.65
6,Franklin Technology Fund A Acc USD,LU0109392836,USD,2026-03-12,58.27
6,Franklin Technology Fund A Acc USD,LU0109392836,USD,2026-03-13,57.84
6,Franklin Technology Fund A Acc USD,LU0109392836,USD,2026-03-16,58.72
6,Franklin Technology Fund A Acc USD,LU0109392836,USD,2026-03-17,59.0
6,Franklin Technology Fund A Acc USD,LU0109392836,USD,2026-03-18,58.42
6,Franklin Technology Fund A Acc USD,LU0109392836,USD,2026-03-19,58.47
6,Franklin Technology Fund A Acc USD,LU0109392836,USD,2026-03-20,56.98
6,Franklin Technology Fund A Acc USD,LU0109392836,USD,2026-03-23,58.07
6,Franklin Technology Fund A Acc USD,LU0109392836,USD,2026-03-24,57.56
6,Franklin Technology Fund A Acc USD,LU0109392836,USD,2026-03-25,57.89
6,Franklin Technology Fund A Acc USD,LU0109392836,USD,2026-03-26,55.79
6,Franklin Technology Fund A Acc USD,LU0109392836,USD,2026-03-27,54.58
6,Franklin Technology Fund A Acc USD,LU0109392836,USD,2026-03-30,53.62
6,Franklin Technology Fund A Acc USD,LU0109392836,USD,2026-03-31,56.11
6,Franklin Technology Fund A Acc USD,LU0109392836,USD,2026-04-01,56.98
6,Franklin Technology Fund A Acc USD,LU0109392836,USD,2026-04-02,57.04
6,Franklin Technology Fund A Acc USD,LU0109392836,USD,2026-04-06,57.32
6,Franklin Technology Fund A Acc USD,LU0109392836,USD,2026-04-07,57.76
6,Franklin Technology Fund A Acc USD,LU0109392836,USD,2026-04-08,60.02
6,Franklin Technology Fund A Acc USD,LU0109392836,USD,2026-04-09,60.05
6,Franklin Technology Fund A Acc USD,LU0109392836,USD,2026-04-10,60.41
6,Franklin Technology Fund A Acc USD,LU0109392836,USD,2026-04-13,61.58
6,Franklin Technology Fund A Acc USD,LU0109392836,USD,2026-04-14,62.77
6,Franklin Technology Fund A Acc USD,LU0109392836,USD,2026-04-15,63.76
6,Franklin Technology Fund A Acc USD,LU0109392836,USD,2026-04-16,64.21
6,Franklin Technology Fund A Acc USD,LU0109392836,USD,2026-04-17,65.31
6,Franklin Technology Fund A Acc USD,LU0109392836,USD,2026-04-20,65.41
6,Franklin Technology Fund A Acc USD,LU0109392836,USD,2026-04-21,65.36
6,Franklin Technology Fund A Acc USD,LU0109392836,USD,2026-04-22,67.08
6,Franklin Technology Fund A Acc USD,LU0109392836,USD,2026-04-23,66.01
6,Franklin Technology Fund A Acc USD,LU0109392836,USD,2026-04-24,67.71
6,Franklin Technology Fund A Acc USD,LU0109392836,USD,2026-04-27,67.6
6,Franklin Technology Fund A Acc USD,LU0109392836,USD,2026-04-28,66.0
6,Franklin Technology Fund A Acc USD,LU0109392836,USD,2026-04-29,66.27
6,Franklin Technology Fund A Acc USD,LU0109392836,USD,2026-04-30,66.88
6,Franklin Technology Fund A Acc USD,LU0109392836,USD,2026-05-01,67.56
6,Franklin Technology Fund A Acc USD,LU0109392836,USD,2026-05-04,67.75
6,Franklin Technology Fund A Acc USD,LU0109392836,USD,2026-05-05,68.63
6,Franklin Technology Fund A Acc USD,LU0109392836,USD,2026-05-06,70.48
6,Franklin Technology Fund A Acc USD,LU0109392836,USD,2026-05-07,70.35
6,Franklin Technology Fund A Acc USD,LU0109392836,USD,2026-05-08,71.87
6,Franklin Technology Fund A Acc USD,LU0109392836,USD,2026-05-11,72.43
6,Franklin Technology Fund A Acc USD,LU0109392836,USD,2026-05-12,71.32
6,Franklin Technology Fund A Acc USD,LU0109392836,USD,2026-05-13,72.62
6,Franklin Technology Fund A Acc USD,LU0109392836,USD,2026-05-14,73.62
6,Franklin Technology Fund A Acc USD,LU0109392836,USD,2026-05-15,71.7
6,Franklin Technology Fund A Acc USD,LU0109392836,USD,2026-05-18,71.02
6,Franklin Technology Fund A Acc USD,LU0109392836,USD,2026-05-19,70.43
6,Franklin Technology Fund A Acc USD,LU0109392836,USD,2026-05-20,72.24
6,Franklin Technology Fund A Acc USD,LU0109392836,USD,2026-05-21,73.02
6,Franklin Technology Fund A Acc USD,LU0109392836,USD,2026-05-22,73.53
6,Franklin Technology Fund A Acc USD,LU0109392836,USD,2026-05-26,75.58
6,Franklin Technology Fund A Acc USD,LU0109392836,USD,2026-05-27,75.46
6,Franklin Technology Fund A Acc USD,LU0109392836,USD,2026-05-28,76.81
6,Franklin Technology Fund A Acc USD,LU0109392836,USD,2026-05-29,77.92
6,Franklin Technology Fund A Acc USD,LU0109392836,USD,2026-06-01,80.18
6,Franklin Technology Fund A Acc USD,LU0109392836,USD,2026-06-02,81.37
6,Franklin Technology Fund A Acc USD,LU0109392836,USD,2026-06-03,80.66
6,Franklin Technology Fund A Acc USD,LU0109392836,USD,2026-06-04,79.73
6,Franklin Technology Fund A Acc USD,LU0109392836,USD,2026-06-05,73.97
6,Franklin Technology Fund A Acc USD,LU0109392836,USD,2026-06-08,75.79
6,Franklin Technology Fund A Acc USD,LU0109392836,USD,2026-06-09,74.95
6,Franklin Technology Fund A Acc USD,LU0109392836,USD,2026-06-10,72.69
6,Franklin Technology Fund A Acc USD,LU0109392836,USD,2026-06-11,75.93
6,Franklin Technology Fund A Acc USD,LU0109392836,USD,2026-06-12,76.46
6,Franklin Technology Fund A Acc USD,LU0109392836,USD,2026-06-15,79.93
6,Franklin Technology Fund A Acc USD,LU0109392836,USD,2026-06-16,77.64
6,Franklin Technology Fund A Acc USD,LU0109392836,USD,2026-06-17,77.6
6,Franklin Technology Fund A Acc USD,LU0109392836,USD,2026-06-18,80.54
6,Franklin Technology Fund A Acc USD,LU0109392836,USD,2026-06-22,80.16
6,Franklin Technology Fund A Acc USD,LU0109392836,USD,2026-06-23,76.1
6,Franklin Technology Fund A Acc USD,LU0109392836,USD,2026-06-24,76.12
6,Franklin Technology Fund A Acc USD,LU0109392836,USD,2026-06-25,77.02
6,Franklin Technology Fund A Acc USD,LU0109392836,USD,2026-06-26,75.93
6,Franklin Technology Fund A Acc USD,LU0109392836,USD,2026-06-29,78.18
6,Franklin Technology Fund A Acc USD,LU0109392836,USD,2026-06-30,80.31
6,Franklin Technology Fund A Acc USD,LU0109392836,USD,2026-07-01,77.85
6,Franklin Technology Fund A Acc USD,LU0109392836,USD,2026-07-02,75.37
6,Franklin Technology Fund A Acc USD,LU0109392836,USD,2026-07-06,77.04
6,Franklin Technology Fund A Acc USD,LU0109392836,USD,2026-07-07,74.81
7,FTIF - Franklin India Fund A Dist (GBP) Cash,LU0231206078,GBP,2026-01-02,89.97
7,FTIF - Franklin India Fund A Dist (GBP) Cash,LU0231206078,GBP,2026-01-05,88.71
7,FTIF - Franklin India Fund A Dist (GBP) Cash,LU0231206078,GBP,2026-01-06,88.91
7,FTIF - Franklin India Fund A Dist (GBP) Cash,LU0231206078,GBP,2026-01-07,89.25
7,FTIF - Franklin India Fund A Dist (GBP) Cash,LU0231206078,GBP,2026-01-08,88.72
7,FTIF - Franklin India Fund A Dist (GBP) Cash,LU0231206078,GBP,2026-01-09,87.81
7,FTIF - Franklin India Fund A Dist (GBP) Cash,LU0231206078,GBP,2026-01-12,87.6
7,FTIF - Franklin India Fund A Dist (GBP) Cash,LU0231206078,GBP,2026-01-13,87.47
7,FTIF - Franklin India Fund A Dist (GBP) Cash,LU0231206078,GBP,2026-01-14,87.89
7,FTIF - Franklin India Fund A Dist (GBP) Cash,LU0231206078,GBP,2026-01-15,87.88
7,FTIF - Franklin India Fund A Dist (GBP) Cash,LU0231206078,GBP,2026-01-16,87.04
7,FTIF - Franklin India Fund A Dist (GBP) Cash,LU0231206078,GBP,2026-01-20,84.14
7,FTIF - Franklin India Fund A Dist (GBP) Cash,LU0231206078,GBP,2026-01-21,83.95
7,FTIF - Franklin India Fund A Dist (GBP) Cash,LU0231206078,GBP,2026-01-22,83.48
7,FTIF - Franklin India Fund A Dist (GBP) Cash,LU0231206078,GBP,2026-01-23,81.03
7,FTIF - Franklin India Fund A Dist (GBP) Cash,LU0231206078,GBP,2026-01-26,80.98
7,FTIF - Franklin India Fund A Dist (GBP) Cash,LU0231206078,GBP,2026-01-27,80.28
7,FTIF - Franklin India Fund A Dist (GBP) Cash,LU0231206078,GBP,2026-01-28,80.93
7,FTIF - Franklin India Fund A Dist (GBP) Cash,LU0231206078,GBP,2026-01-29,80.82
7,FTIF - Franklin India Fund A Dist (GBP) Cash,LU0231206078,GBP,2026-01-30,81.79
7,FTIF - Franklin India Fund A Dist (GBP) Cash,LU0231206078,GBP,2026-02-02,83.21
7,FTIF - Franklin India Fund A Dist (GBP) Cash,LU0231206078,GBP,2026-02-03,84.03
7,FTIF - Franklin India Fund A Dist (GBP) Cash,LU0231206078,GBP,2026-02-04,84.86
7,FTIF - Franklin India Fund A Dist (GBP) Cash,LU0231206078,GBP,2026-02-05,85.08
7,FTIF - Franklin India Fund A Dist (GBP) Cash,LU0231206078,GBP,2026-02-06,84.9
7,FTIF - Franklin India Fund A Dist (GBP) Cash,LU0231206078,GBP,2026-02-09,84.74
7,FTIF - Franklin India Fund A Dist (GBP) Cash,LU0231206078,GBP,2026-02-10,85.88
7,FTIF - Franklin India Fund A Dist (GBP) Cash,LU0231206078,GBP,2026-02-11,85.61
7,FTIF - Franklin India Fund A Dist (GBP) Cash,LU0231206078,GBP,2026-02-12,84.67
7,FTIF - Franklin India Fund A Dist (GBP) Cash,LU0231206078,GBP,2026-02-13,83.62
7,FTIF - Franklin India Fund A Dist (GBP) Cash,LU0231206078,GBP,2026-02-17,84.81
7,FTIF - Franklin India Fund A Dist (GBP) Cash,LU0231206078,GBP,2026-02-18,85.65
7,FTIF - Franklin India Fund A Dist (GBP) Cash,LU0231206078,GBP,2026-02-19,84.3
7,FTIF - Franklin India Fund A Dist (GBP) Cash,LU0231206078,GBP,2026-02-20,84.78
7,FTIF - Franklin India Fund A Dist (GBP) Cash,LU0231206078,GBP,2026-02-23,84.41
7,FTIF - Franklin India Fund A Dist (GBP) Cash,LU0231206078,GBP,2026-02-24,84.16
7,FTIF - Franklin India Fund A Dist (GBP) Cash,LU0231206078,GBP,2026-02-25,84.05
7,FTIF - Franklin India Fund A Dist (GBP) Cash,LU0231206078,GBP,2026-02-26,84.5
7,FTIF - Franklin India Fund A Dist (GBP) Cash,LU0231206078,GBP,2026-02-27,83.75
7,FTIF - Franklin India Fund A Dist (GBP) Cash,LU0231206078,GBP,2026-03-02,82.66
7,FTIF - Franklin India Fund A Dist (GBP) Cash,LU0231206078,GBP,2026-03-03,82.31
7,FTIF - Franklin India Fund A Dist (GBP) Cash,LU0231206078,GBP,2026-03-04,80.87
7,FTIF - Franklin India Fund A Dist (GBP) Cash,LU0231206078,GBP,2026-03-05,81.6
7,FTIF - Franklin India Fund A Dist (GBP) Cash,LU0231206078,GBP,2026-03-06,80.45
7,FTIF - Franklin India Fund A Dist (GBP) Cash,LU0231206078,GBP,2026-03-09,79.32
7,FTIF - Franklin India Fund A Dist (GBP) Cash,LU0231206078,GBP,2026-03-10,80.01
7,FTIF - Franklin India Fund A Dist (GBP) Cash,LU0231206078,GBP,2026-03-11,78.74
7,FTIF - Franklin India Fund A Dist (GBP) Cash,LU0231206078,GBP,2026-03-12,77.83
7,FTIF - Franklin India Fund A Dist (GBP) Cash,LU0231206078,GBP,2026-03-13,77.48
7,FTIF - Franklin India Fund A Dist (GBP) Cash,LU0231206078,GBP,2026-03-16,77.41
7,FTIF - Franklin India Fund A Dist (GBP) Cash,LU0231206078,GBP,2026-03-17,77.7
7,FTIF - Franklin India Fund A Dist (GBP) Cash,LU0231206078,GBP,2026-03-18,77.28
7,FTIF - Franklin India Fund A Dist (GBP) Cash,LU0231206078,GBP,2026-03-19,75.06
7,FTIF - Franklin India Fund A Dist (GBP) Cash,LU0231206078,GBP,2026-03-20,74.59
7,FTIF - Franklin India Fund A Dist (GBP) Cash,LU0231206078,GBP,2026-03-23,73.71
7,FTIF - Franklin India Fund A Dist (GBP) Cash,LU0231206078,GBP,2026-03-24,73.77
7,FTIF - Franklin India Fund A Dist (GBP) Cash,LU0231206078,GBP,2026-03-25,75.43
7,FTIF - Franklin India Fund A Dist (GBP) Cash,LU0231206078,GBP,2026-03-26,74.96
7,FTIF - Franklin India Fund A Dist (GBP) Cash,LU0231206078,GBP,2026-03-27,73.13
7,FTIF - Franklin India Fund A Dist (GBP) Cash,LU0231206078,GBP,2026-03-30,72.53
7,FTIF - Franklin India Fund A Dist (GBP) Cash,LU0231206078,GBP,2026-03-31,73.42
7,FTIF - Franklin India Fund A Dist (GBP) Cash,LU0231206078,GBP,2026-04-01,73.09
7,FTIF - Franklin India Fund A Dist (GBP) Cash,LU0231206078,GBP,2026-04-02,74.46
7,FTIF - Franklin India Fund A Dist (GBP) Cash,LU0231206078,GBP,2026-04-06,75.29
7,FTIF - Franklin India Fund A Dist (GBP) Cash,LU0231206078,GBP,2026-04-07,74.93
7,FTIF - Franklin India Fund A Dist (GBP) Cash,LU0231206078,GBP,2026-04-08,77.85
7,FTIF - Franklin India Fund A Dist (GBP) Cash,LU0231206078,GBP,2026-04-09,76.96
7,FTIF - Franklin India Fund A Dist (GBP) Cash,LU0231206078,GBP,2026-04-10,77.39
7,FTIF - Franklin India Fund A Dist (GBP) Cash,LU0231206078,GBP,2026-04-13,77.0
7,FTIF - Franklin India Fund A Dist (GBP) Cash,LU0231206078,GBP,2026-04-14,76.85
7,FTIF - Franklin India Fund A Dist (GBP) Cash,LU0231206078,GBP,2026-04-15,78.05
7,FTIF - Franklin India Fund A Dist (GBP) Cash,LU0231206078,GBP,2026-04-16,78.21
7,FTIF - Franklin India Fund A Dist (GBP) Cash,LU0231206078,GBP,2026-04-17,79.77
7,FTIF - Franklin India Fund A Dist (GBP) Cash,LU0231206078,GBP,2026-04-20,78.79
7,FTIF - Franklin India Fund A Dist (GBP) Cash,LU0231206078,GBP,2026-04-21,78.84
7,FTIF - Franklin India Fund A Dist (GBP) Cash,LU0231206078,GBP,2026-04-22,78.51
7,FTIF - Franklin India Fund A Dist (GBP) Cash,LU0231206078,GBP,2026-04-23,77.58
7,FTIF - Franklin India Fund A Dist (GBP) Cash,LU0231206078,GBP,2026-04-24,76.9
7,FTIF - Franklin India Fund A Dist (GBP) Cash,LU0231206078,GBP,2026-04-27,77.23
7,FTIF - Franklin India Fund A Dist (GBP) Cash,LU0231206078,GBP,2026-04-28,76.6
7,FTIF - Franklin India Fund A Dist (GBP) Cash,LU0231206078,GBP,2026-04-29,76.78
7,FTIF - Franklin India Fund A Dist (GBP) Cash,LU0231206078,GBP,2026-04-30,75.6
7,FTIF - Franklin India Fund A Dist (GBP) Cash,LU0231206078,GBP,2026-05-01,75.64
7,FTIF - Franklin India Fund A Dist (GBP) Cash,LU0231206078,GBP,2026-05-04,75.87
7,FTIF - Franklin India Fund A Dist (GBP) Cash,LU0231206078,GBP,2026-05-05,76.07
7,FTIF - Franklin India Fund A Dist (GBP) Cash,LU0231206078,GBP,2026-05-06,77.68
7,FTIF - Franklin India Fund A Dist (GBP) Cash,LU0231206078,GBP,2026-05-07,77.75
7,FTIF - Franklin India Fund A Dist (GBP) Cash,LU0231206078,GBP,2026-05-08,77.46
7,FTIF - Franklin India Fund A Dist (GBP) Cash,LU0231206078,GBP,2026-05-11,75.56
7,FTIF - Franklin India Fund A Dist (GBP) Cash,LU0231206078,GBP,2026-05-12,74.32
7,FTIF - Franklin India Fund A Dist (GBP) Cash,LU0231206078,GBP,2026-05-13,74.45
7,FTIF - Franklin India Fund A Dist (GBP) Cash,LU0231206078,GBP,2026-05-14,76.05
7,FTIF - Franklin India Fund A Dist (GBP) Cash,LU0231206078,GBP,2026-05-15,75.87
7,FTIF - Franklin India Fund A Dist (GBP) Cash,LU0231206078,GBP,2026-05-18,75.09
7,FTIF - Franklin India Fund A Dist (GBP) Cash,LU0231206078,GBP,2026-05-19,74.94
7,FTIF - Franklin India Fund A Dist (GBP) Cash,LU0231206078,GBP,2026-05-20,75.22
7,FTIF - Franklin India Fund A Dist (GBP) Cash,LU0231206078,GBP,2026-05-21,75.54
7,FTIF - Franklin India Fund A Dist (GBP) Cash,LU0231206078,GBP,2026-05-22,75.74
7,FTIF - Franklin India Fund A Dist (GBP) Cash,LU0231206078,GBP,2026-05-26,76.28
7,FTIF - Franklin India Fund A Dist (GBP) Cash,LU0231206078,GBP,2026-05-27,76.71
7,FTIF - Franklin India Fund A Dist (GBP) Cash,LU0231206078,GBP,2026-05-28,76.8
7,FTIF - Franklin India Fund A Dist (GBP) Cash,LU0231206078,GBP,2026-05-29,76.25
7,FTIF - Franklin India Fund A Dist (GBP) Cash,LU0231206078,GBP,2026-06-01,75.52
7,FTIF - Franklin India Fund A Dist (GBP) Cash,LU0231206078,GBP,2026-06-02,75.5
7,FTIF - Franklin India Fund A Dist (GBP) Cash,LU0231206078,GBP,2026-06-03,74.9
7,FTIF - Franklin India Fund A Dist (GBP) Cash,LU0231206078,GBP,2026-06-04,75.55
7,FTIF - Franklin India Fund A Dist (GBP) Cash,LU0231206078,GBP,2026-06-05,75.84
7,FTIF - Franklin India Fund A Dist (GBP) Cash,LU0231206078,GBP,2026-06-08,74.62
7,FTIF - Franklin India Fund A Dist (GBP) Cash,LU0231206078,GBP,2026-06-09,75.14
7,FTIF - Franklin India Fund A Dist (GBP) Cash,LU0231206078,GBP,2026-06-10,74.5
7,FTIF - Franklin India Fund A Dist (GBP) Cash,LU0231206078,GBP,2026-06-11,74.39
7,FTIF - Franklin India Fund A Dist (GBP) Cash,LU0231206078,GBP,2026-06-12,76.16
7,FTIF - Franklin India Fund A Dist (GBP) Cash,LU0231206078,GBP,2026-06-15,77.72
7,FTIF - Franklin India Fund A Dist (GBP) Cash,LU0231206078,GBP,2026-06-16,77.86
7,FTIF - Franklin India Fund A Dist (GBP) Cash,LU0231206078,GBP,2026-06-17,77.96
7,FTIF - Franklin India Fund A Dist (GBP) Cash,LU0231206078,GBP,2026-06-18,79.04
7,FTIF - Franklin India Fund A Dist (GBP) Cash,LU0231206078,GBP,2026-06-22,79.22
7,FTIF - Franklin India Fund A Dist (GBP) Cash,LU0231206078,GBP,2026-06-23,78.71
7,FTIF - Franklin India Fund A Dist (GBP) Cash,LU0231206078,GBP,2026-06-24,79.71
7,FTIF - Franklin India Fund A Dist (GBP) Cash,LU0231206078,GBP,2026-06-25,79.83
7,FTIF - Franklin India Fund A Dist (GBP) Cash,LU0231206078,GBP,2026-06-26,80.05
7,FTIF - Franklin India Fund A Dist (GBP) Cash,LU0231206078,GBP,2026-06-29,79.16
7,FTIF - Franklin India Fund A Dist (GBP) Cash,LU0231206078,GBP,2026-06-30,79.16
7,FTIF - Franklin India Fund A Dist (GBP) Cash,LU0231206078,GBP,2026-07-01,79.49
7,FTIF - Franklin India Fund A Dist (GBP) Cash,LU0231206078,GBP,2026-07-02,79.67
7,FTIF - Franklin India Fund A Dist (GBP) Cash,LU0231206078,GBP,2026-07-06,80.37
7,FTIF - Franklin India Fund A Dist (GBP) Cash,LU0231206078,GBP,2026-07-07,80.33
8,FTIF - Franklin Income Fund (USD) Cash Div,LU0098860793,USD,2026-01-02,9.77
8,FTIF - Franklin Income Fund (USD) Cash Div,LU0098860793,USD,2026-01-05,9.8
8,FTIF - Franklin Income Fund (USD) Cash Div,LU0098860793,USD,2026-01-06,9.84
8,FTIF - Franklin Income Fund (USD) Cash Div,LU0098860793,USD,2026-01-07,9.8
8,FTIF - Franklin Income Fund (USD) Cash Div,LU0098860793,USD,2026-01-08,9.85
8,FTIF - Franklin Income Fund (USD) Cash Div,LU0098860793,USD,2026-01-09,9.89
8,FTIF - Franklin Income Fund (USD) Cash Div,LU0098860793,USD,2026-01-12,9.89
8,FTIF - Franklin Income Fund (USD) Cash Div,LU0098860793,USD,2026-01-13,9.9
8,FTIF - Franklin Income Fund (USD) Cash Div,LU0098860793,USD,2026-01-14,9.94
8,FTIF - Franklin Income Fund (USD) Cash Div,LU0098860793,USD,2026-01-15,9.93
8,FTIF - Franklin Income Fund (USD) Cash Div,LU0098860793,USD,2026-01-16,9.93
8,FTIF - Franklin Income Fund (USD) Cash Div,LU0098860793,USD,2026-01-20,9.88
8,FTIF - Franklin Income Fund (USD) Cash Div,LU0098860793,USD,2026-01-21,9.95
8,FTIF - Franklin Income Fund (USD) Cash Div,LU0098860793,USD,2026-01-22,9.97
8,FTIF - Franklin Income Fund (USD) Cash Div,LU0098860793,USD,2026-01-23,9.98
8,FTIF - Franklin Income Fund (USD) Cash Div,LU0098860793,USD,2026-01-26,10.0
8,FTIF - Franklin Income Fund (USD) Cash Div,LU0098860793,USD,2026-01-27,10.0
8,FTIF - Franklin Income Fund (USD) Cash Div,LU0098860793,USD,2026-01-28,9.99
8,FTIF - Franklin Income Fund (USD) Cash Div,LU0098860793,USD,2026-01-29,10.0
8,FTIF - Franklin Income Fund (USD) Cash Div,LU0098860793,USD,2026-01-30,10.01
8,FTIF - Franklin Income Fund (USD) Cash Div,LU0098860793,USD,2026-02-02,9.96
8,FTIF - Franklin Income Fund (USD) Cash Div,LU0098860793,USD,2026-02-03,9.98
8,FTIF - Franklin Income Fund (USD) Cash Div,LU0098860793,USD,2026-02-04,10.0
8,FTIF - Franklin Income Fund (USD) Cash Div,LU0098860793,USD,2026-02-05,9.97
8,FTIF - Franklin Income Fund (USD) Cash Div,LU0098860793,USD,2026-02-06,10.03
8,FTIF - Franklin Income Fund (USD) Cash Div,LU0098860793,USD,2026-02-09,10.05
8,FTIF - Franklin Income Fund (USD) Cash Div,LU0098860793,USD,2026-02-10,10.08
8,FTIF - Franklin Income Fund (USD) Cash Div,LU0098860793,USD,2026-02-11,10.09
8,FTIF - Franklin Income Fund (USD) Cash Div,LU0098860793,USD,2026-02-12,10.04
8,FTIF - Franklin Income Fund (USD) Cash Div,LU0098860793,USD,2026-02-13,10.08
8,FTIF - Franklin Income Fund (USD) Cash Div,LU0098860793,USD,2026-02-17,10.05
8,FTIF - Franklin Income Fund (USD) Cash Div,LU0098860793,USD,2026-02-18,10.07
8,FTIF - Franklin Income Fund (USD) Cash Div,LU0098860793,USD,2026-02-19,10.06
8,FTIF - Franklin Income Fund (USD) Cash Div,LU0098860793,USD,2026-02-20,10.08
8,FTIF - Franklin Income Fund (USD) Cash Div,LU0098860793,USD,2026-02-23,10.05
8,FTIF - Franklin Income Fund (USD) Cash Div,LU0098860793,USD,2026-02-24,10.07
8,FTIF - Franklin Income Fund (USD) Cash Div,LU0098860793,USD,2026-02-25,10.09
8,FTIF - Franklin Income Fund (USD) Cash Div,LU0098860793,USD,2026-02-26,10.09
8,FTIF - Franklin Income Fund (USD) Cash Div,LU0098860793,USD,2026-02-27,10.11
8,FTIF - Franklin Income Fund (USD) Cash Div,LU0098860793,USD,2026-03-02,10.02
8,FTIF - Franklin Income Fund (USD) Cash Div,LU0098860793,USD,2026-03-03,9.98
8,FTIF - Franklin Income Fund (USD) Cash Div,LU0098860793,USD,2026-03-04,10.0
8,FTIF - Franklin Income Fund (USD) Cash Div,LU0098860793,USD,2026-03-05,9.96
8,FTIF - Franklin Income Fund (USD) Cash Div,LU0098860793,USD,2026-03-06,9.93
8,FTIF - Franklin Income Fund (USD) Cash Div,LU0098860793,USD,2026-03-09,9.93
8,FTIF - Franklin Income Fund (USD) Cash Div,LU0098860793,USD,2026-03-10,9.92
8,FTIF - Franklin Income Fund (USD) Cash Div,LU0098860793,USD,2026-03-11,9.91
8,FTIF - Franklin Income Fund (USD) Cash Div,LU0098860793,USD,2026-03-12,9.85
8,FTIF - Franklin Income Fund (USD) Cash Div,LU0098860793,USD,2026-03-13,9.83
8,FTIF - Franklin Income Fund (USD) Cash Div,LU0098860793,USD,2026-03-16,9.87
8,FTIF - Franklin Income Fund (USD) Cash Div,LU0098860793,USD,2026-03-17,9.9
8,FTIF - Franklin Income Fund (USD) Cash Div,LU0098860793,USD,2026-03-18,9.82
8,FTIF - Franklin Income Fund (USD) Cash Div,LU0098860793,USD,2026-03-19,9.82
8,FTIF - Franklin Income Fund (USD) Cash Div,LU0098860793,USD,2026-03-20,9.73
8,FTIF - Franklin Income Fund (USD) Cash Div,LU0098860793,USD,2026-03-23,9.79
8,FTIF - Franklin Income Fund (USD) Cash Div,LU0098860793,USD,2026-03-24,9.79
8,FTIF - Franklin Income Fund (USD) Cash Div,LU0098860793,USD,2026-03-25,9.84
8,FTIF - Franklin Income Fund (USD) Cash Div,LU0098860793,USD,2026-03-26,9.79
8,FTIF - Franklin Income Fund (USD) Cash Div,LU0098860793,USD,2026-03-27,9.75
8,FTIF - Franklin Income Fund (USD) Cash Div,LU0098860793,USD,2026-03-30,9.76
8,FTIF - Franklin Income Fund (USD) Cash Div,LU0098860793,USD,2026-03-31,9.85
8,FTIF - Franklin Income Fund (USD) Cash Div,LU0098860793,USD,2026-04-01,9.78
8,FTIF - Franklin Income Fund (USD) Cash Div,LU0098860793,USD,2026-04-02,9.79
8,FTIF - Franklin Income Fund (USD) Cash Div,LU0098860793,USD,2026-04-06,9.81
8,FTIF - Franklin Income Fund (USD) Cash Div,LU0098860793,USD,2026-04-07,9.8
8,FTIF - Franklin Income Fund (USD) Cash Div,LU0098860793,USD,2026-04-08,9.89
8,FTIF - Franklin Income Fund (USD) Cash Div,LU0098860793,USD,2026-04-09,9.9
8,FTIF - Franklin Income Fund (USD) Cash Div,LU0098860793,USD,2026-04-10,9.87
8,FTIF - Franklin Income Fund (USD) Cash Div,LU0098860793,USD,2026-04-13,9.92
8,FTIF - Franklin Income Fund (USD) Cash Div,LU0098860793,USD,2026-04-14,9.95
8,FTIF - Franklin Income Fund (USD) Cash Div,LU0098860793,USD,2026-04-15,9.95
8,FTIF - Franklin Income Fund (USD) Cash Div,LU0098860793,USD,2026-04-16,9.98
8,FTIF - Franklin Income Fund (USD) Cash Div,LU0098860793,USD,2026-04-17,10.03
8,FTIF - Franklin Income Fund (USD) Cash Div,LU0098860793,USD,2026-04-20,10.02
8,FTIF - Franklin Income Fund (USD) Cash Div,LU0098860793,USD,2026-04-21,9.98
8,FTIF - Franklin Income Fund (USD) Cash Div,LU0098860793,USD,2026-04-22,9.99
8,FTIF - Franklin Income Fund (USD) Cash Div,LU0098860793,USD,2026-04-23,9.99
8,FTIF - Franklin Income Fund (USD) Cash Div,LU0098860793,USD,2026-04-24,9.99
8,FTIF - Franklin Income Fund (USD) Cash Div,LU0098860793,USD,2026-04-27,9.98
8,FTIF - Franklin Income Fund (USD) Cash Div,LU0098860793,USD,2026-04-28,9.98
8,FTIF - Franklin Income Fund (USD) Cash Div,LU0098860793,USD,2026-04-29,9.96
8,FTIF - Franklin Income Fund (USD) Cash Div,LU0098860793,USD,2026-04-30,10.03
8,FTIF - Franklin Income Fund (USD) Cash Div,LU0098860793,USD,2026-05-01,9.96
8,FTIF - Franklin Income Fund (USD) Cash Div,LU0098860793,USD,2026-05-04,9.91
8,FTIF - Franklin Income Fund (USD) Cash Div,LU0098860793,USD,2026-05-05,9.95
8,FTIF - Franklin Income Fund (USD) Cash Div,LU0098860793,USD,2026-05-06,9.98
8,FTIF - Franklin Income Fund (USD) Cash Div,LU0098860793,USD,2026-05-07,9.95
8,FTIF - Franklin Income Fund (USD) Cash Div,LU0098860793,USD,2026-05-08,9.96
8,FTIF - Franklin Income Fund (USD) Cash Div,LU0098860793,USD,2026-05-11,9.95
8,FTIF - Franklin Income Fund (USD) Cash Div,LU0098860793,USD,2026-05-12,9.94
8,FTIF - Franklin Income Fund (USD) Cash Div,LU0098860793,USD,2026-05-13,9.94
8,FTIF - Franklin Income Fund (USD) Cash Div,LU0098860793,USD,2026-05-14,9.96
8,FTIF - Franklin Income Fund (USD) Cash Div,LU0098860793,USD,2026-05-15,9.92
8,FTIF - Franklin Income Fund (USD) Cash Div,LU0098860793,USD,2026-05-18,9.95
8,FTIF - Franklin Income Fund (USD) Cash Div,LU0098860793,USD,2026-05-19,9.92
8,FTIF - Franklin Income Fund (USD) Cash Div,LU0098860793,USD,2026-05-20,9.95
8,FTIF - Franklin Income Fund (USD) Cash Div,LU0098860793,USD,2026-05-21,9.99
8,FTIF - Franklin Income Fund (USD) Cash Div,LU0098860793,USD,2026-05-22,10.02
8,FTIF - Franklin Income Fund (USD) Cash Div,LU0098860793,USD,2026-05-26,10.0
8,FTIF - Franklin Income Fund (USD) Cash Div,LU0098860793,USD,2026-05-27,10.02
8,FTIF - Franklin Income Fund (USD) Cash Div,LU0098860793,USD,2026-05-28,10.03
8,FTIF - Franklin Income Fund (USD) Cash Div,LU0098860793,USD,2026-05-29,10.06
8,FTIF - Franklin Income Fund (USD) Cash Div,LU0098860793,USD,2026-06-01,9.97
8,FTIF - Franklin Income Fund (USD) Cash Div,LU0098860793,USD,2026-06-02,9.99
8,FTIF - Franklin Income Fund (USD) Cash Div,LU0098860793,USD,2026-06-03,9.94
8,FTIF - Franklin Income Fund (USD) Cash Div,LU0098860793,USD,2026-06-04,9.98
8,FTIF - Franklin Income Fund (USD) Cash Div,LU0098860793,USD,2026-06-05,9.92
8,FTIF - Franklin Income Fund (USD) Cash Div,LU0098860793,USD,2026-06-08,9.91
8,FTIF - Franklin Income Fund (USD) Cash Div,LU0098860793,USD,2026-06-09,9.93
8,FTIF - Franklin Income Fund (USD) Cash Div,LU0098860793,USD,2026-06-10,9.9
8,FTIF - Franklin Income Fund (USD) Cash Div,LU0098860793,USD,2026-06-11,9.95
8,FTIF - Franklin Income Fund (USD) Cash Div,LU0098860793,USD,2026-06-12,9.98
8,FTIF - Franklin Income Fund (USD) Cash Div,LU0098860793,USD,2026-06-15,9.98
8,FTIF - Franklin Income Fund (USD) Cash Div,LU0098860793,USD,2026-06-16,10.0
8,FTIF - Franklin Income Fund (USD) Cash Div,LU0098860793,USD,2026-06-17,9.91
8,FTIF - Franklin Income Fund (USD) Cash Div,LU0098860793,USD,2026-06-18,9.9
8,FTIF - Franklin Income Fund (USD) Cash Div,LU0098860793,USD,2026-06-22,9.87
8,FTIF - Franklin Income Fund (USD) Cash Div,LU0098860793,USD,2026-06-23,9.88
8,FTIF - Franklin Income Fund (USD) Cash Div,LU0098860793,USD,2026-06-24,9.89
8,FTIF - Franklin Income Fund (USD) Cash Div,LU0098860793,USD,2026-06-25,9.89
8,FTIF - Franklin Income Fund (USD) Cash Div,LU0098860793,USD,2026-06-26,9.91
8,FTIF - Franklin Income Fund (USD) Cash Div,LU0098860793,USD,2026-06-29,9.92
8,FTIF - Franklin Income Fund (USD) Cash Div,LU0098860793,USD,2026-06-30,9.9
8,FTIF - Franklin Income Fund (USD) Cash Div,LU0098860793,USD,2026-07-01,9.84
8,FTIF - Franklin Income Fund (USD) Cash Div,LU0098860793,USD,2026-07-02,9.91
8,FTIF - Franklin Income Fund (USD) Cash Div,LU0098860793,USD,2026-07-06,9.91
8,FTIF - Franklin Income Fund (USD) Cash Div,LU0098860793,USD,2026-07-07,9.92
2,Allianz China Equity A Dist (USD) Reinvest,LU0348825331,USD,2026-07-08,65.4089
3,Allianz Income and Growth Fund AM Dist (USD) Cash,LU0820561818,USD,2026-07-08,8.7152
4,BGF Dynamic High Income Fund A6 MDist (USD) Cash,LU1564329115,USD,2026-07-08,8.3
5,BGF World Technology Fund A2 Acc (USD) Reinvest,LU0056508442,USD,2026-07-08,146.38
6,Franklin Technology Fund A Acc USD,LU0109392836,USD,2026-07-08,75.38
7,FTIF - Franklin India Fund A Dist (GBP) Cash,LU0231206078,GBP,2026-07-08,78.5
8,FTIF - Franklin Income Fund (USD) Cash Div,LU0098860793,USD,2026-07-08,9.87
2,Allianz China Equity A Dist (USD) Reinvest,LU0348825331,USD,2026-07-09,65.9281
2,Allianz China Equity A Dist (USD) Reinvest,LU0348825331,USD,2026-07-10,65.2545
3,Allianz Income and Growth Fund AM Dist (USD) Cash,LU0820561818,USD,2026-07-09,8.7798
3,Allianz Income and Growth Fund AM Dist (USD) Cash,LU0820561818,USD,2026-07-10,8.7731
4,BGF Dynamic High Income Fund A6 MDist (USD) Cash,LU1564329115,USD,2026-07-09,8.32
4,BGF Dynamic High Income Fund A6 MDist (USD) Cash,LU1564329115,USD,2026-07-10,8.35
5,BGF World Technology Fund A2 Acc (USD) Reinvest,LU0056508442,USD,2026-07-09,151.27
5,BGF World Technology Fund A2 Acc (USD) Reinvest,LU0056508442,USD,2026-07-10,149.97
6,Franklin Technology Fund A Acc USD,LU0109392836,USD,2026-07-09,77.24
6,Franklin Technology Fund A Acc USD,LU0109392836,USD,2026-07-10,77.0
7,FTIF - Franklin India Fund A Dist (GBP) Cash,LU0231206078,GBP,2026-07-09,79.5
7,FTIF - Franklin India Fund A Dist (GBP) Cash,LU0231206078,GBP,2026-07-10,79.96
8,FTIF - Franklin Income Fund (USD) Cash Div,LU0098860793,USD,2026-07-09,9.87
8,FTIF - Franklin Income Fund (USD) Cash Div,LU0098860793,USD,2026-07-10,9.88
2,Allianz China Equity A Dist (USD) Reinvest,LU0348825331,USD,2026-07-13,64.5004
3,Allianz Income and Growth Fund AM Dist (USD) Cash,LU0820561818,USD,2026-07-13,8.7391
4,BGF Dynamic High Income Fund A6 MDist (USD) Cash,LU1564329115,USD,2026-07-13,8.35
5,BGF World Technology Fund A2 Acc (USD) Reinvest,LU0056508442,USD,2026-07-13,145.54
6,Franklin Technology Fund A Acc USD,LU0109392836,USD,2026-07-13,74.54
7,FTIF - Franklin India Fund A Dist (GBP) Cash,LU0231206078,GBP,2026-07-13,79.71
8,FTIF - Franklin Income Fund (USD) Cash Div,LU0098860793,USD,2026-07-13,9.88
2,Allianz China Equity A Dist (USD) Reinvest,LU0348825331,USD,2026-07-14,65.1661
3,Allianz Income and Growth Fund AM Dist (USD) Cash,LU0820561818,USD,2026-07-14,8.76
4,BGF Dynamic High Income Fund A6 MDist (USD) Cash,LU1564329115,USD,2026-07-14,8.35
5,BGF World Technology Fund A2 Acc (USD) Reinvest,LU0056508442,USD,2026-07-14,147.46
6,Franklin Technology Fund A Acc USD,LU0109392836,USD,2026-07-14,76.14
7,FTIF - Franklin India Fund A Dist (GBP) Cash,LU0231206078,GBP,2026-07-14,78.75
8,FTIF - Franklin Income Fund (USD) Cash Div,LU0098860793,USD,2026-07-14,9.83
